<?xml version="1.0" ?>
<COLLADA xmlns="http://www.collada.org/2005/11/COLLADASchema" version="1.4.1">
    <asset>
        <unit />
        <up_axis>Z_UP</up_axis>
    </asset>
    <library_materials>
        <material id="MAT" name="material">
            <instance_effect url="#MAT-fx" />
        </material>
        <material id="MAT0" name="rope">
            <instance_effect url="#MAT0-fx" />
        </material>
    </library_materials>
    <library_effects>
        <effect id="MAT-fx" name="material">
            <profile_COMMON>
                <image id="IMAGE" height="0" width="0">
                    <init_from>/C:/Users/huydo/Downloads/___OPEN3D/Sketchfab/temp/79171/textures/material_baseColor.png</init_from>
                </image>
                <technique sid="standard">
                    <phong>
                        <emission>
                            <color>0 0 0 1</color>
                        </emission>
                        <ambient>
                            <color>0.117647 0.117647 0.117647 1</color>
                        </ambient>
                        <diffuse>
                            <texture texture="IMAGE" texcoord="" />
                        </diffuse>
                        <specular>
                            <color>0.752941 0.752941 0.752941 1</color>
                        </specular>
                        <shininess>
                            <float>0.6</float>
                        </shininess>
                        <reflective>
                            <color>0 0 0 1</color>
                        </reflective>
                        <reflectivity>
                            <float>1</float>
                        </reflectivity>
                        <transparent>
                            <color>1 1 1 1</color>
                        </transparent>
                        <transparency>
                            <float>0</float>
                        </transparency>
                    </phong>
                </technique>
            </profile_COMMON>
        </effect>
        <effect id="MAT0-fx" name="rope">
            <profile_COMMON>
                <image id="IMAGE0" height="0" width="0">
                    <init_from>/C:/Users/huydo/Downloads/___OPEN3D/Sketchfab/temp/79171/textures/rope_baseColor.png</init_from>
                </image>
                <technique sid="standard">
                    <phong>
                        <emission>
                            <color>0 0 0 1</color>
                        </emission>
                        <ambient>
                            <color>0.117647 0.117647 0.117647 1</color>
                        </ambient>
                        <diffuse>
                            <texture texture="IMAGE0" texcoord="" />
                        </diffuse>
                        <specular>
                            <color>0.752941 0.752941 0.752941 1</color>
                        </specular>
                        <shininess>
                            <float>0.6</float>
                        </shininess>
                        <reflective>
                            <color>0 0 0 1</color>
                        </reflective>
                        <reflectivity>
                            <float>1</float>
                        </reflectivity>
                        <transparent>
                            <color>1 1 1 1</color>
                        </transparent>
                        <transparency>
                            <float>0</float>
                        </transparency>
                    </phong>
                </technique>
            </profile_COMMON>
        </effect>
    </library_effects>
    <library_geometries>
        <geometry id="NODE3-lib" name="NODE3Mesh">
            <mesh>
                <source id="NODE3-lib-positions">
                    <float_array id="NODE3-lib-positions-array" count="2277">2.96948 -5.82235 -109.638 2.88152 -5.11561 -109.881 2.51385 -4.74015 -110.443 2.26644 -4.87172 -111.113 2.19092 -5.44872 -111.555 2.29414 -6.77699 -111.126 2.19088 -6.20116 -111.554 2.51708 -6.90673 -110.441 2.88144 -6.52974 -109.879 4.31782 -5.82427 -111.058 4.07627 -5.11733 -111.151 3.4616 -4.74139 -111.357 2.76377 -4.87237 -111.596 2.30898 -5.44899 -111.757 2.30888 -6.20144 -111.758 2.76363 -6.77762 -111.59 3.46045 -6.90794 -111.341 4.07418 -6.53144 -111.13 4.3798 -5.84986 -129.962 4.12389 -5.14277 -129.94 3.48102 -4.76641 -129.84 2.70258 -4.89701 -129.793 2.2948 -5.4731 -129.561 2.2948 -6.22554 -129.56 2.6364 -6.80246 -129.936 3.48657 -6.93293 -129.797 4.12864 -6.55685 -129.9 4.00493 -5.8511 -130.875 3.77166 -5.14389 -130.767 2.88242 -4.76768 -130.779 2.07111 -5.47366 -129.973 2.07113 -6.2261 -129.972 3.02233 -6.93408 -130.642 3.7717 -6.55802 -130.765 3.39149 -5.852 -131.542 3.19431 -5.14471 -131.378 1.75691 -5.47393 -130.171 1.75694 -6.22637 -130.17 3.19436 -6.55885 -131.376 1.77724 -5.85304 -132.309 1.77718 -5.14563 -132.052 1.77711 -4.76852 -131.401 1.77708 -4.89818 -130.66 1.77719 -6.80344 -130.658 1.77724 -6.9351 -131.398 1.77726 -6.55976 -132.05 1.71247 -5.88243 -154.012 2.60178 -5.88255 -154.107 2.55849 -5.18648 -154.353 1.70169 -5.18636 -154.264 3.5034 -5.18748 -155.091 3.66157 -5.88365 -154.917 2.50742 -4.81684 -155.026 1.67431 -4.81667 -154.902 2.32403 -4.94642 -155.684 1.64315 -4.94634 -155.626 2.78823 -4.94718 -156.242 2.24256 -5.51476 -156.145 1.62278 -5.5147 -156.098 2.35686 -5.51516 -156.441 2.24252 -6.25586 -156.144 1.62274 -6.2558 -156.097 2.35681 -6.25626 -156.44 2.32392 -6.82295 -155.682 1.64304 -6.82287 -155.623 2.76848 -6.8237 -156.233 2.44868 -6.95069 -154.973 1.67419 -6.95058 -154.899 2.55842 -6.57929 -154.352 1.70161 -6.57917 -154.262 3.50335 -6.58029 -155.089 4.03996 -5.18844 -155.803 4.27271 -5.88475 -155.726 3.453 -4.81816 -156 3.45335 -6.95208 -156.001 4.04009 -6.58126 -155.802 4.38344 -5.90978 -174.217 4.04606 -5.2137 -174.454 3.322 -4.84322 -174.505 2.72784 -4.97146 -174.176 2.2979 -5.53899 -174.035 2.2979 -6.28008 -174.034 2.65942 -6.84817 -174.304 3.43302 -6.97686 -174.308 4.05073 -6.60649 -174.438 4.17245 -5.91067 -174.87 3.47236 -5.2151 -175.487 3.68434 -5.91168 -175.621 1.90726 -6.28082 -174.578 3.4724 -6.60791 -175.485 1.89958 -5.53976 -174.608 2.03041 -5.21641 -176.462 2.03048 -5.91316 -176.714 2.03035 -4.845 -175.82 2.03031 -4.9727 -175.09 2.03042 -6.84923 -175.088 2.03047 -6.97891 -175.817 2.03049 -6.60923 -176.46 1.70094 -5.11534 -109.679 1.70088 -5.82205 -109.421 1.701 -4.74 -110.331 1.70104 -4.87166 -111.072 1.70104 -5.44872 -111.555 1.701 -6.20116 -111.554 1.70093 -6.77691 -111.069 1.70088 -6.90657 -110.328 1.70086 -6.52947 -109.677 3.49451 -5.70516 -23.0846 3.40654 -4.99843 -23.3274 3.03888 -4.62296 -23.89 2.79147 -4.75453 -24.5603 2.71595 -5.33154 -25.0017 2.81916 -6.65981 -24.5729 2.7159 -6.08398 -25.0007 3.04211 -6.78954 -23.8882 3.40647 -6.41256 -23.3255 4.84284 -5.70709 -24.5047 4.6013 -5.00015 -24.598 3.98662 -4.6242 -24.8037 3.28879 -4.75519 -25.0427 2.83401 -5.33181 -25.2041 2.83391 -6.08426 -25.2047 3.28865 -6.66044 -25.0369 3.98548 -6.79076 -24.7879 4.59921 -6.41425 -24.577 4.90482 -5.73268 -43.409 4.64892 -5.02558 -43.387 4.00605 -4.64922 -43.2872 3.2276 -4.77982 -43.2396 2.81983 -5.35591 -43.0083 2.81983 -6.10836 -43.0072 3.16143 -6.68527 -43.3828 4.0116 -6.81575 -43.2442 4.65367 -6.43966 -43.347 4.52995 -5.73391 -44.3214 4.29669 -5.0267 -44.2137 3.40746 -4.6505 -44.226 2.59613 -5.35647 -43.4204 2.59615 -6.10892 -43.4193 3.54733 -6.81689 -44.0885 4.29672 -6.44083 -44.2117 3.91652 -5.73482 -44.9889 3.71934 -5.02753 -44.8244 2.28194 -5.35674 -43.618 2.28196 -6.10918 -43.6169 3.71939 -6.44166 -44.8225 2.30227 -5.73586 -45.7557 2.30221 -5.02844 -45.4993 2.30214 -4.65134 -44.8482 2.3021 -4.78099 -44.107 2.30221 -6.68625 -44.1044 2.30226 -6.81791 -44.8452 2.30229 -6.44257 -45.4974 3.08352 -5.06522 -64.7951 2.22672 -5.0651 -64.7058 2.2375 -5.76117 -64.4533 3.12681 -5.7613 -64.5483 4.1866 -5.76239 -65.3592 4.02843 -5.06622 -65.5328 3.03243 -4.69558 -65.4676 2.19934 -4.69542 -65.3432 2.84905 -4.82517 -66.1257 2.16818 -4.82509 -66.0674 3.31325 -4.82592 -66.6838 2.76759 -5.39351 -66.587 2.14781 -5.39344 -66.5394 2.88189 -5.39391 -66.8825 2.76754 -6.13461 -66.586 2.14776 -6.13454 -66.5384 2.88183 -6.13501 -66.8816 2.84895 -6.7017 -66.1232 2.16807 -6.70162 -66.0649 3.2935 -6.70244 -66.6748 2.9737 -6.82943 -65.4151 2.19922 -6.82933 -65.3403 3.08344 -6.45804 -64.7932 2.22664 -6.45791 -64.7039 4.02838 -6.45903 -65.5308 4.78226 -5.76337 -66.0797 4.56499 -5.06719 -66.2442 3.97803 -4.6969 -66.4421 3.97838 -6.83082 -66.4422 4.56511 -6.46 -66.2432 4.92421 -5.76447 -66.8896 4.90846 -5.78852 -84.6585 4.57109 -5.09244 -84.8961 3.84701 -4.72196 -84.9469 3.25287 -4.8502 -84.6172 2.82292 -5.41773 -84.4767 2.82293 -6.15882 -84.4757 3.18445 -6.72691 -84.7461 3.95805 -6.8556 -84.7495 4.57575 -6.48523 -84.8801 4.69748 -5.78941 -85.3119 4.20936 -5.79042 -86.0631 3.99739 -5.09383 -85.9291 2.43228 -6.15956 -85.0194 3.99743 -6.48665 -85.9271 2.42461 -5.4185 -85.0498 2.5555 -5.7919 -87.1559 2.55544 -5.09515 -86.9033 2.55538 -4.72374 -86.262 2.55534 -4.85144 -85.532 2.55545 -6.72797 -85.5295 2.5555 -6.85765 -86.2592 2.55552 -6.48797 -86.9015 2.22591 -5.70487 -22.8676 2.22597 -4.99815 -23.1259 2.22603 -4.62281 -23.778 2.22607 -4.75448 -24.5189 2.22607 -5.33154 -25.0017 2.22603 -6.08398 -25.0007 2.22596 -6.65973 -24.5163 2.2259 -6.78939 -23.7751 2.22589 -6.41229 -23.124 -67.8186 -5.22141 -2.102 -67.5768 -4.51446 -2.19093 -67.0146 -4.13874 -2.55912 -66.3442 -4.26973 -2.80632 -65.902 -4.84624 -2.88107 -66.329 -6.17495 -2.77605 -65.902 -5.59868 -2.8801 -67.0135 -6.30531 -2.55295 -67.5768 -5.92859 -2.18909 -66.3985 -5.21958 -0.753662 -66.3061 -4.51284 -0.996168 -66.101 -4.13745 -1.61136 -65.8618 -4.26906 -2.30901 -65.6996 -4.84608 -2.763 -65.698 -5.59852 -2.76209 -65.865 -6.17431 -2.30656 -66.1138 -6.30403 -1.60956 -66.3252 -5.92698 -0.99635 -51.9077 -5.2195 -0.691679 -51.9307 -4.51278 -0.948548 -52.031 -4.13743 -1.59193 -52.0784 -4.26914 -2.37019 -52.309 -4.8461 -2.77719 -52.309 -5.59854 -2.77618 -51.9327 -6.17449 -2.43378 -52.0711 -6.304 -1.58344 -51.9688 -5.9269 -0.941878 -50.9953 -5.22001 -1.06656 -51.104 -4.51326 -1.30077 -51.0922 -4.13824 -2.19053 -51.8969 -4.8464 -3.00089 -51.8969 -5.59885 -2.99986 -51.2267 -6.30462 -2.0477 -51.1041 -5.92739 -1.29883 -50.3279 -5.22084 -1.67999 -50.4933 -4.51404 -1.87813 -51.6992 -4.84683 -3.31508 -51.6993 -5.59927 -3.31403 -50.4933 -5.92817 -1.87616 -49.5611 -5.22302 -3.29424 -49.8184 -4.51596 -3.29526 -50.47 -4.13973 -3.29583 -51.2111 -4.27039 -3.2957 -51.2111 -6.17565 -3.293 -50.47 -6.30631 -3.29277 -49.8184 -5.93009 -3.29327 -33.8002 -4.52556 -2.51393 -33.8895 -4.52672 -3.37073 -34.1411 -5.22311 -3.35902 -34.046 -5.22191 -2.4697 -33.2352 -5.22047 -1.4099 -33.0625 -4.52428 -1.56901 -33.1282 -4.15508 -2.56551 -33.2525 -4.15621 -3.39861 -32.4699 -4.28402 -2.74872 -32.5282 -4.28494 -3.4296 -31.9117 -4.28339 -2.2845 -32.0079 -4.85184 -2.82942 -32.0554 -4.85268 -3.4492 -31.7124 -4.85169 -2.7151 -32.0079 -5.59294 -2.82846 -32.0554 -5.59378 -3.44823 -31.7123 -5.59279 -2.71416 -32.4699 -6.16055 -2.74628 -32.5282 -6.16147 -3.42716 -31.9182 -6.15994 -2.30173 -33.1777 -6.28907 -2.62135 -33.2525 -6.29012 -3.39584 -33.8002 -5.91837 -2.51212 -33.8895 -5.91953 -3.36892 -33.0625 -5.91709 -1.56718 -32.5146 -5.21966 -0.814247 -32.3508 -4.52355 -1.03242 -32.1536 -4.1538 -1.6199 -32.1505 -6.28771 -1.61666 -32.35 -5.91636 -1.03041 -31.7047 -5.21947 -0.672295 -18.2287 -5.21949 -0.688034 -17.9918 -4.52354 -1.02645 -17.9415 -4.15398 -1.75101 -18.2711 -4.28347 -2.34496 -18.411 -4.85177 -2.77409 -18.411 -5.59287 -2.77307 -18.1397 -6.16009 -2.41086 -18.1361 -6.28773 -1.63708 -18.0059 -5.91635 -1.01989 -17.5753 -5.21978 -0.899033 -16.8241 -5.22044 -1.38714 -16.9591 -4.52432 -1.60005 -17.8673 -5.5934 -3.16371 -16.9591 -5.91713 -1.59812 -17.8379 -4.85231 -3.1724 -15.7313 -5.22268 -3.041 -15.9848 -4.52627 -3.042 -16.6266 -4.15572 -3.04257 -17.3564 -4.28441 -3.04243 -17.3564 -6.16094 -3.03978 -16.6266 -6.28963 -3.03957 -15.9848 -5.91909 -3.04003 -68.0356 -5.22312 -3.3706 -67.7783 -4.51606 -3.37151 -67.1267 -4.13984 -3.37195 -66.3857 -4.2705 -3.37173 -65.902 -4.8469 -3.37095 -65.902 -5.59935 -3.36998 -66.3857 -6.17575 -3.36926 -67.1267 -6.30641 -3.36913 -67.7783 -5.93019 -3.36967 -100.771 -5.82406 -110.899 -100.683 -5.11666 -110.658 -100.316 -4.73968 -110.097 -100.068 -4.86943 -109.426 -99.9928 -5.44524 -108.983 -100.096 -6.77467 -109.408 -99.9928 -6.19768 -108.982 -100.319 -6.90625 -110.093 -100.683 -6.53079 -110.656 -102.12 -5.82213 -109.479 -101.878 -5.11494 -109.388 -101.264 -4.73844 -109.183 -100.566 -4.86878 -108.944 -100.111 -5.44496 -108.781 -100.111 -6.19741 -108.778 -100.566 -6.77404 -108.944 -101.262 -6.90503 -109.193 -101.876 -6.5291 -109.405 -102.182 -5.7922 -87.3687 -101.926 -5.08516 -87.3926 -101.283 -4.70908 -87.4934 -100.505 -4.8398 -87.5407 -100.097 -5.41652 -87.7705 -100.097 -6.16896 -87.7695 -100.438 -6.74486 -87.3923 -101.288 -6.87571 -87.5306 -101.931 -6.49935 -87.4288 -101.807 -5.79096 -86.4563 -101.574 -5.08404 -86.5659 -100.684 -4.70781 -86.5546 -99.873 -5.41596 -87.3584 -99.873 -6.1684 -87.3574 -100.824 -6.87456 -86.6863 -101.574 -6.49818 -86.5641 -101.193 -5.79006 -85.7889 -100.996 -5.08322 -85.9552 -99.5588 -5.41569 -87.1607 -99.5589 -6.16814 -87.1598 -100.996 -6.49735 -85.9533 -99.5792 -5.78902 -85.022 -99.5791 -5.0823 -85.2803 -99.579 -4.70696 -85.9325 -99.579 -4.83863 -86.6733 -99.5791 -6.74388 -86.6708 -99.5792 -6.87354 -85.9296 -99.5792 -6.49643 -85.2784 -99.5144 -5.76398 -66.5253 -100.404 -5.76385 -66.4303 -100.36 -5.06711 -66.1854 -99.5036 -5.06723 -66.2747 -101.305 -5.06611 -65.4477 -101.463 -5.76275 -65.6194 -100.309 -4.69565 -65.5139 -99.4762 -4.69582 -65.6382 -100.126 -4.82345 -64.8554 -99.4451 -4.82353 -64.9137 -100.59 -4.82269 -64.2973 -100.044 -5.39054 -64.3926 -99.4247 -5.3906 -64.4402 -100.159 -5.39014 -64.0971 -100.044 -6.13164 -64.3916 -99.4247 -6.1317 -64.4392 -100.159 -6.13124 -64.096 -100.126 -6.69998 -64.8529 -99.445 -6.70006 -64.9112 -100.57 -6.69923 -64.3012 -100.251 -6.82963 -65.5605 -99.4761 -6.82973 -65.6354 -100.36 -6.45992 -66.1835 -99.5035 -6.46004 -66.2728 -101.305 -6.45892 -65.4459 -101.842 -5.06515 -64.7362 -102.059 -5.76178 -64.8988 -101.255 -4.69433 -64.5394 -101.255 -6.82824 -64.5335 -101.842 -6.45796 -64.7335 -102.201 -5.76068 -64.089 -102.185 -5.73662 -46.3201 -101.848 -5.0399 -46.0844 -101.124 -4.66928 -46.0345 -100.53 -4.79841 -46.3639 -100.1 -5.36632 -46.5029 -100.1 -6.10742 -46.5019 -100.461 -6.67477 -46.2299 -101.235 -6.80345 -46.2262 -101.853 -6.43273 -46.0966 -101.974 -5.73574 -45.6666 -101.274 -5.0385 -45.0514 -101.486 -5.73472 -44.9155 -99.7092 -6.10668 -45.9582 -101.274 -6.43131 -45.0496 -99.7015 -5.36554 -45.9297 -99.8323 -5.03718 -44.0771 -99.8324 -5.73324 -43.8227 -99.8323 -4.6675 -44.7194 -99.8322 -4.79718 -45.4491 -99.8324 -6.6737 -45.4466 -99.8324 -6.80141 -44.7165 -99.8324 -6.42999 -44.0752 -99.5028 -5.11693 -110.86 -99.5028 -5.82435 -111.116 -99.5029 -4.73983 -110.209 -99.503 -4.86949 -109.468 -99.503 -5.44524 -108.983 -99.5029 -6.19768 -108.982 -99.5029 -6.77474 -109.465 -99.5028 -6.90641 -110.206 -99.5028 -6.53107 -110.858 -99.5144 -5.88537 -156.184 -100.404 -5.88524 -156.089 -100.36 -5.1885 -155.844 -99.5036 -5.18862 -155.933 -101.305 -5.1875 -155.106 -101.463 -5.88414 -155.278 -100.309 -4.81704 -155.172 -99.4762 -4.81721 -155.297 -100.126 -4.94484 -154.514 -99.4451 -4.94492 -154.572 -100.59 -4.94408 -153.956 -100.044 -5.51193 -154.051 -99.4247 -5.51199 -154.098 -100.159 -5.51153 -153.755 -100.044 -6.25303 -154.05 -99.4247 -6.25309 -154.097 -100.159 -6.25263 -153.754 -100.126 -6.82137 -154.511 -99.445 -6.82145 -154.569 -100.57 -6.82062 -153.96 -100.251 -6.95102 -155.219 -99.4761 -6.95112 -155.294 -100.36 -6.58131 -155.842 -99.5035 -6.58143 -155.931 -101.305 -6.58031 -155.104 -101.842 -5.18654 -154.395 -102.075 -5.88304 -154.469 -101.255 -4.81572 -154.198 -101.255 -6.94963 -154.192 -101.842 -6.57935 -154.392 -102.185 -5.85328 -132.482 -101.848 -5.15655 -132.247 -101.124 -4.78593 -132.197 -100.53 -4.91507 -132.526 -100.1 -5.48297 -132.665 -100.1 -6.22407 -132.664 -100.461 -6.79142 -132.392 -101.235 -6.92011 -132.389 -101.853 -6.54938 -132.259 -101.974 -5.85239 -131.829 -101.274 -5.15515 -131.214 -101.486 -5.85137 -131.078 -99.7092 -6.22334 -132.12 -101.274 -6.54796 -131.212 -99.7015 -5.4822 -132.092 -99.8323 -5.15383 -130.239 -99.8324 -5.8499 -129.985 -99.8323 -4.78415 -130.882 -99.8322 -4.91383 -131.611 -99.8323 -6.79036 -131.609 -99.8324 -6.91806 -130.879 -99.8324 -6.54664 -130.237 -66.1174 -5.48547 -197.139 -66.3593 -4.77828 -197.052 -66.9214 -4.40156 -196.685 -67.5918 -4.53189 -196.437 -68.034 -5.10819 -196.361 -67.607 -6.43718 -196.463 -68.034 -5.86064 -196.36 -66.9225 -6.56814 -196.685 -66.3592 -6.19242 -197.05 -67.5375 -5.48729 -198.488 -67.6299 -4.7799 -198.247 -67.835 -4.40285 -197.633 -68.0742 -4.53256 -196.935 -68.2364 -5.10835 -196.479 -68.238 -5.8608 -196.478 -68.0711 -6.43782 -196.932 -67.8222 -6.56942 -197.629 -67.6108 -6.19403 -198.243 -81.1915 -5.48738 -198.55 -81.1685 -4.77997 -198.295 -81.0683 -4.40287 -197.652 -81.0209 -4.53248 -196.874 -80.7902 -5.10833 -196.465 -80.7902 -5.86078 -196.464 -81.1665 -6.43764 -196.805 -81.0281 -6.56946 -197.655 -81.1304 -6.19411 -198.297 -82.1039 -5.48687 -198.175 -81.9952 -4.77949 -197.942 -82.0071 -4.40206 -197.054 -81.2023 -5.10803 -196.241 -81.2023 -5.86048 -196.24 -81.8725 -6.56883 -197.191 -81.9951 -6.19362 -197.94 -82.7713 -5.48604 -197.561 -82.6059 -4.77871 -197.365 -81.4 -5.10761 -195.927 -81.3999 -5.86005 -195.926 -82.6059 -6.19284 -197.363 -83.5381 -5.48385 -195.947 -83.2808 -4.77679 -195.948 -82.6292 -4.40057 -195.948 -81.8882 -4.53123 -195.948 -81.8882 -6.43648 -195.946 -82.6292 -6.56714 -195.945 -83.2808 -6.19092 -195.946 -32.1239 -4.78849 -196.718 -32.0345 -4.78733 -195.862 -31.783 -5.48375 -195.872 -31.878 -5.48496 -196.761 -32.6889 -5.48639 -197.821 -32.8615 -4.78977 -197.663 -32.7958 -4.41787 -196.668 -32.6715 -4.41675 -195.835 -33.4542 -4.54632 -196.484 -33.3958 -4.54539 -195.803 -34.0123 -4.54694 -196.949 -33.9162 -5.11392 -196.402 -33.8686 -5.11308 -195.782 -34.2116 -5.11408 -196.516 -33.9162 -5.85502 -196.401 -33.8686 -5.85418 -195.781 -34.2117 -5.85518 -196.515 -33.4541 -6.42284 -196.482 -33.3958 -6.42192 -195.801 -34.0058 -6.42345 -196.926 -32.7463 -6.5517 -196.606 -32.6715 -6.55066 -195.832 -32.1238 -6.1813 -196.717 -32.0345 -6.18014 -195.86 -32.8615 -6.18258 -197.661 -33.4094 -5.4872 -198.416 -33.5732 -4.7905 -198.2 -33.7705 -4.41915 -197.614 -33.7736 -6.55306 -197.611 -33.5741 -6.18331 -198.198 -34.2193 -5.48739 -198.558 -47.6954 -5.48737 -198.543 -47.9322 -4.79051 -198.206 -47.9825 -4.41898 -197.482 -47.6529 -4.54686 -196.888 -47.5131 -5.114 -196.457 -47.513 -5.85509 -196.456 -47.7843 -6.4233 -196.817 -47.788 -6.55304 -197.591 -47.9181 -6.18332 -198.209 -48.3488 -5.48708 -198.331 -49.0999 -5.48642 -197.843 -48.965 -4.78973 -197.632 -48.0567 -5.85457 -196.066 -48.9649 -6.18254 -197.631 -48.0862 -5.11346 -196.059 -50.1927 -5.48418 -196.19 -49.9392 -4.78778 -196.19 -49.2974 -4.41723 -196.191 -48.5676 -4.54592 -196.191 -48.5676 -6.42245 -196.188 -49.2974 -6.55114 -196.188 -49.9392 -6.18059 -196.189 -65.9004 -5.48375 -195.871 -66.1577 -4.77669 -195.872 -66.8094 -4.40046 -195.872 -67.5504 -4.53112 -195.872 -68.034 -5.10753 -195.871 -68.034 -5.85997 -195.87 -67.5504 -6.43638 -195.869 -66.8094 -6.56704 -195.869 -66.1577 -6.19082 -195.87 -103.359 -6.21566 -24.6291 -102.462 -5.70041 -24.7058 -102.189 -6.45783 -25.0363 -103.005 -6.82836 -24.8856 -103.547 -5.88896 -23.9779 -102.601 -5.32774 -23.9917 -103.482 -6.00112 -23.2367 -102.553 -5.45376 -23.1958 -103.193 -6.49967 -22.7524 -102.338 -6.04231 -22.6381 -102.817 -7.15132 -22.7515 -102.022 -6.88779 -22.5829 -102.529 -7.65117 -23.2345 -102.464 -7.76532 -23.9754 -101.642 -7.76187 -24.0167 -102.652 -7.44037 -24.6274 -101.856 -7.28924 -24.786 -100.581 -5.061 -24.6347 -100.518 -5.75865 -24.9255 -101.512 -6.21711 -25.4642 -101.873 -5.22245 -25.073 -102.065 -4.69215 -24.0798 -101.998 -4.87434 -22.9493 -100.551 -5.38081 -22.7374 -101.704 -5.68377 -22.2105 -100.484 -6.15781 -22.6904 -101.32 -6.74169 -22.2091 -100.425 -6.83923 -23.1757 -101.025 -7.5531 -22.9457 -100.41 -7.00536 -23.9995 -100.958 -7.73833 -24.0757 -101.151 -7.2107 -25.0703 -100.451 -6.54166 -24.7018 -99.9926 -4.96041 -24.6307 -99.9926 -5.66782 -24.8871 -99.9926 -4.58331 -23.9796 -99.9926 -4.71296 -23.2384 -99.9927 -5.28871 -22.754 -99.9927 -6.04116 -22.7529 -99.9927 -6.61822 -23.2358 -99.9927 -6.74988 -23.9767 -99.9927 -6.37454 -24.6288 -103.359 -6.42083 -176.166 -102.462 -5.90558 -176.243 -102.189 -6.66299 -176.573 -103.005 -7.03353 -176.422 -103.547 -6.09413 -175.515 -102.601 -5.53291 -175.528 -103.482 -6.20629 -174.773 -102.553 -5.65892 -174.733 -103.193 -6.70484 -174.289 -102.338 -6.24748 -174.175 -102.817 -7.35649 -174.288 -102.022 -7.09296 -174.12 -102.529 -7.85633 -174.771 -102.464 -7.97049 -175.512 -101.642 -7.96704 -175.553 -102.652 -7.64553 -176.164 -101.856 -7.4944 -176.323 -100.581 -5.26617 -176.171 -100.518 -5.96382 -176.462 -101.512 -6.42227 -177.001 -101.873 -5.42762 -176.61 -102.065 -4.89732 -175.617 -101.998 -5.07951 -174.486 -100.551 -5.58598 -174.274 -101.704 -5.88893 -173.747 -100.484 -6.36298 -174.227 -101.32 -6.94686 -173.746 -100.425 -7.0444 -174.712 -101.025 -7.75827 -174.482 -100.41 -7.21053 -175.536 -100.958 -7.9435 -175.612 -101.151 -7.41587 -176.607 -100.451 -6.74683 -176.239 -99.9926 -5.16558 -176.167 -99.9926 -5.87299 -176.424 -99.9926 -4.78847 -175.516 -99.9926 -4.91813 -174.775 -99.9927 -5.49388 -174.291 -99.9927 -6.24632 -174.29 -99.9927 -6.82338 -174.773 -99.9927 -6.95505 -175.513 -99.9927 -6.57971 -176.166 -15.3513 -6.45299 -199.923 -15.2752 -5.93643 -199.027 -14.9437 -6.69302 -198.753 -15.0939 -7.06486 -199.569 -16.0029 -6.12743 -200.112 -15.9898 -5.56491 -199.167 -16.7439 -6.24051 -200.046 -16.7856 -5.69194 -199.118 -17.2276 -6.73932 -199.758 -17.3425 -6.28096 -198.903 -17.2276 -7.39046 -199.38 -17.3965 -7.12608 -198.585 -16.7439 -7.88926 -199.092 -16.0029 -8.00232 -199.026 -15.9615 -7.99771 -198.205 -15.3513 -7.67674 -199.215 -15.1929 -7.52432 -198.419 -15.3472 -5.29457 -197.147 -15.0555 -5.99173 -197.083 -14.5162 -6.45081 -198.076 -14.9087 -5.45717 -198.439 -15.9026 -4.92848 -198.632 -17.0328 -5.11211 -198.565 -17.2441 -5.61691 -197.117 -17.7705 -5.92213 -198.269 -17.29 -6.39387 -197.048 -17.7705 -6.97954 -197.883 -16.8039 -7.07456 -196.989 -17.0328 -7.78955 -197.588 -15.9798 -7.23955 -196.974 -15.9026 -7.97316 -197.521 -14.9087 -7.44445 -197.714 -15.2781 -6.77495 -197.015 -15.3513 -5.19318 -196.559 -15.094 -5.90025 -196.558 -16.003 -4.81696 -196.559 -16.744 -4.94762 -196.559 -17.2276 -5.52403 -196.558 -17.2276 -6.27647 -196.557 -16.744 -6.85288 -196.557 -16.003 -6.98354 -196.557 -15.3513 -6.60732 -196.557 -82.5623 -6.1814 0.67621 -82.6383 -5.66726 -0.221388 -82.9698 -6.4246 -0.493593 -82.8196 -6.79423 0.32353 -81.9106 -5.85532 0.863877 -81.9237 -5.29537 -0.0828521 -81.1696 -5.96858 0.798722 -81.1279 -5.42253 -0.131001 -80.6859 -6.46817 0.51123 -80.571 -6.01213 -0.344471 -80.6859 -7.12034 0.135922 -80.517 -6.85811 -0.659914 -81.1696 -7.61992 -0.151591 -81.9106 -7.73315 -0.216778 -81.952 -7.73076 -1.0383 -82.5623 -7.40706 -0.0291383 -82.7206 -7.25679 -0.825371 -82.5663 -5.0305 -2.10348 -82.8581 -5.72783 -2.16546 -83.3973 -6.18421 -1.17091 -83.0048 -5.1896 -0.811173 -82.0109 -4.66039 -0.619747 -80.8807 -4.8442 -0.686208 -80.6695 -5.35291 -2.13249 -80.143 -5.65502 -0.979457 -80.6235 -6.13006 -2.1991 -80.143 -6.71347 -1.36228 -81.1097 -6.81091 -2.25637 -80.8807 -7.52428 -1.65555 -81.9337 -6.97594 -2.27113 -82.0109 -7.70806 -1.72204 -83.0048 -7.17883 -1.53065 -82.6354 -6.51123 -2.23075 -82.5622 -4.93071 -2.69167 -82.8195 -5.63777 -2.69068 -81.9105 -4.55448 -2.69218 -81.1695 -4.68514 -2.69198 -80.6859 -5.26155 -2.69116 -80.6859 -6.01399 -2.6901 -81.1695 -6.5904 -2.6893 -81.9105 -6.72106 -2.68914 -82.5622 -6.34484 -2.68968</float_array>
                    <technique_common>
                        <accessor count="759" source="#NODE3-lib-positions-array" stride="3">
                            <param name="X" type="float" />
                            <param name="Y" type="float" />
                            <param name="Z" type="float" />
                        </accessor>
                    </technique_common>
                </source>
                <source id="NODE3-lib-uv">
                    <float_array id="NODE3-lib-uv-array" count="1750">1.25005 0.459798 1.23855 0.552601 1.22221 0.649306 1.19666 0.74161 1.17197 0.834598 1.20246 0.185724 1.17932 0.0977088 1.22898 0.274219 1.2428 0.368341 1.13741 0.45702 1.13829 0.541015 1.14281 0.63255 1.14716 0.731868 1.14771 0.832789 1.16195 0.936379 1.14565 0.9328 1.15056 0.09591 1.1475 0.19235 1.1441 0.289029 1.13988 0.377795 0.211251 0.489643 0.210881 0.590224 0.208446 0.689722 0.199671 0.789584 0.213656 0.888855 0.220214 0.988928 0.201687 0.0885412 0.176145 0.193978 0.203159 0.290569 0.208756 0.389704 0.163678 0.496112 0.165204 0.591476 0.139891 0.696751 0.174897 0.892853 0.188876 0.991397 0.155783 0.0914661 0.145488 0.300585 0.161598 0.402012 0.114181 0.500732 0.117674 0.599144 0.144076 0.905529 0.165629 1.00196 0.120035 0.090701 0.113948 0.403203 -0.00053825 0.495234 0.0163618 0.626199 0.0567637 0.73445 0.103956 0.820411 0.0933887 0.184867 0.0523803 0.266706 0.0148197 0.365097 0.00339858 0.497561 0.0549187 0.516284 0.068919 0.42057 0.0226038 0.381023 0.138558 0.428027 0.132239 0.523925 0.102341 0.33092 0.055892 0.285633 0.131598 0.240464 0.0899047 0.202249 0.184475 0.242907 0.159572 0.143846 0.114427 0.117428 0.190461 0.144997 0.168312 0.0427288 0.126061 0.0264049 0.192152 0.0453405 0.102459 0.921475 0.1424 0.884455 0.11632 0.794549 0.0695032 0.836682 0.17645 0.80086 0.175014 0.896406 0.0851181 0.706881 0.0344333 0.741023 0.0611811 0.615136 0.00813152 0.625577 0.133771 0.617028 0.181836 0.432821 0.180639 0.524039 0.18276 0.339262 0.179025 0.705511 0.179668 0.612967 1.11147 0.528399 1.12248 0.434051 1.13393 0.339525 1.12171 0.24657 1.11843 0.149148 1.11651 0.0481611 1.11529 0.893938 1.13188 0.802767 1.11974 0.709746 1.12125 0.619684 1.13692 0.527042 1.17989 0.431487 1.18139 0.525844 1.17172 0.0489471 1.17903 0.901272 1.18073 0.6174 1.17945 0.14792 1.28622 0.417641 1.30083 0.531968 1.24989 0.322673 1.20605 0.244432 1.20661 0.802166 1.25025 0.733513 1.28669 0.645737 1.29504 0.589581 1.31367 0.477715 1.26329 0.684749 1.23091 0.770531 1.2077 0.857796 1.19494 0.951243 1.24595 0.148127 1.21034 0.0653676 1.28266 0.24174 1.30928 0.35416 1.25005 0.459798 1.23855 0.552601 1.22221 0.649306 1.19666 0.74161 1.17197 0.834598 1.20246 0.185724 1.17932 0.0977088 1.22898 0.274219 1.2428 0.368341 1.13741 0.45702 1.13829 0.541015 1.14281 0.63255 1.14716 0.731868 1.14771 0.832789 1.14565 0.9328 1.16195 0.936379 1.15056 0.09591 1.1475 0.19235 1.1441 0.289029 1.13988 0.377795 0.211251 0.489643 0.210881 0.590224 0.208446 0.689722 0.199669 0.789584 0.213656 0.888855 0.220214 0.988928 0.201687 0.0885412 0.176146 0.193978 0.203159 0.290569 0.208756 0.389704 0.163678 0.496112 0.165204 0.591476 0.139893 0.696751 0.174897 0.892853 0.188876 0.991397 0.155783 0.0914661 0.145486 0.300585 0.161598 0.402012 0.114181 0.500732 0.117674 0.599144 0.144076 0.905529 0.165629 1.00196 0.120035 0.090701 0.113948 0.403203 -0.00053825 0.495234 0.0163618 0.626199 0.0567637 0.73445 0.103956 0.820411 0.0933887 0.184867 0.0523803 0.266706 0.0148197 0.365097 0.068919 0.42057 0.0226038 0.381023 0.00339858 0.497561 0.0549187 0.516284 0.132239 0.523925 0.138558 0.428027 0.102341 0.33092 0.055892 0.285633 0.131598 0.240464 0.0899047 0.202249 0.184475 0.242907 0.159572 0.143846 0.114427 0.117428 0.190461 0.144997 0.168312 0.0427288 0.126061 0.0264049 0.192153 0.0453405 0.11632 0.794549 0.0695032 0.836682 0.102459 0.921475 0.1424 0.884455 0.175014 0.896406 0.17645 0.800861 0.0851181 0.706881 0.0344333 0.741023 0.0611811 0.615136 0.00813152 0.625577 0.133771 0.617028 0.176968 0.524193 0.181836 0.432821 0.18276 0.339262 0.179025 0.705511 0.179668 0.612967 0.210647 0.52278 1.11147 0.528399 1.12248 0.434051 1.13393 0.339525 1.12171 0.24657 1.11843 0.149148 1.11651 0.0481611 1.11529 0.893938 1.13188 0.802767 1.11975 0.709746 1.12125 0.619684 1.13692 0.527042 1.18139 0.525844 1.17989 0.431487 1.17172 0.0489471 1.17903 0.901272 1.18073 0.6174 1.17945 0.14792 1.30083 0.531968 1.28622 0.417641 1.24989 0.322673 1.20605 0.244432 1.20661 0.802166 1.25025 0.733513 1.28669 0.645737 1.31367 0.477715 1.29504 0.589581 1.26329 0.684749 1.23091 0.770531 1.2077 0.857796 1.19494 0.951243 1.21034 0.0653676 1.24595 0.148127 1.28266 0.24174 1.30928 0.35416 1.25005 0.459798 1.23855 0.552601 1.22221 0.649307 1.19666 0.74161 1.17197 0.834598 1.20246 0.185724 1.17932 0.0977088 1.22898 0.274219 1.2428 0.368341 1.13741 0.45702 1.13829 0.541015 1.14281 0.63255 1.14716 0.731868 1.14771 0.832789 1.14565 0.9328 1.16195 0.936379 1.15056 0.09591 1.1475 0.19235 1.1441 0.289029 1.13988 0.377795 0.211251 0.489643 0.21088 0.590224 0.208446 0.689722 0.19967 0.789584 0.213656 0.888855 0.220214 0.988928 0.201687 0.0885412 0.176147 0.193978 0.203159 0.290569 0.208755 0.389705 0.163678 0.496112 0.165204 0.591476 0.139891 0.696751 0.174897 0.892853 0.188876 0.991397 0.155783 0.0914661 0.145486 0.300585 0.161598 0.402012 0.114181 0.500732 0.117674 0.599144 0.144076 0.905529 0.165629 1.00196 0.120035 0.090701 0.113948 0.403203 -0.00053825 0.495234 0.0163618 0.626199 0.0567637 0.73445 0.103956 0.820411 0.0933887 0.184867 0.0523803 0.266706 0.0148197 0.365097 0.068919 0.42057 0.0226038 0.381023 0.00339858 0.497561 0.0549187 0.516284 0.132239 0.523925 0.138558 0.428027 0.102341 0.33092 0.055892 0.285633 0.131598 0.240464 0.0899047 0.202249 0.184478 0.242907 0.159572 0.143846 0.114427 0.117428 0.190456 0.144998 0.168312 0.0427288 0.126061 0.0264049 0.192147 0.0453407 0.11632 0.794549 0.0695032 0.836682 0.102459 0.921475 0.1424 0.884455 0.175005 0.896403 0.176453 0.800862 0.0851181 0.706881 0.0344333 0.741023 0.0611811 0.615136 0.00813152 0.625577 0.133771 0.617028 0.176968 0.524193 0.181845 0.432819 0.182766 0.33926 0.179033 0.705513 0.179678 0.612969 0.210647 0.52278 1.11147 0.528399 1.12249 0.43405 1.13394 0.339524 1.12173 0.246568 1.11843 0.149148 1.11651 0.0481611 1.11529 0.893938 1.13189 0.802769 1.11976 0.709746 1.12126 0.619683 1.13692 0.527042 1.18139 0.525844 1.17989 0.431487 1.17172 0.0489471 1.17903 0.901272 1.18073 0.6174 1.17945 0.14792 1.30083 0.531968 1.28622 0.417641 1.24989 0.322673 1.20605 0.244432 1.20661 0.802166 1.25025 0.733513 1.28669 0.645737 1.31367 0.477715 1.29504 0.589581 1.26329 0.684749 1.23091 0.770531 1.2077 0.857796 1.19494 0.951243 1.21034 0.0653676 1.24595 0.148127 1.28266 0.24174 1.30928 0.35416 1.25005 0.459798 1.23855 0.552601 1.22221 0.649306 1.19666 0.74161 1.17197 0.834598 1.20246 0.185724 1.17932 0.0977088 1.22898 0.274219 1.2428 0.368341 1.13741 0.45702 1.13829 0.541015 1.14281 0.63255 1.14716 0.731867 1.14771 0.832789 1.16195 0.936379 1.14565 0.9328 1.15056 0.09591 1.1475 0.19235 1.1441 0.289029 1.13988 0.377795 0.211251 0.489643 0.210881 0.590224 0.208446 0.689722 0.199671 0.789583 0.213656 0.888855 0.220214 0.988928 0.201687 0.0885412 0.176143 0.193978 0.20316 0.290568 0.208756 0.389704 0.163678 0.496112 0.165204 0.591476 0.13989 0.696751 0.174897 0.892853 0.188876 0.991397 0.155783 0.0914661 0.145485 0.300585 0.161598 0.402012 0.114181 0.500732 0.117674 0.599144 0.144076 0.905529 0.165629 1.00196 0.120035 0.090701 0.113948 0.403203 -0.00053825 0.495234 0.0163618 0.626199 0.0567637 0.73445 0.103956 0.820411 0.0933887 0.184867 0.0523803 0.266706 0.0148197 0.365097 0.00339858 0.497561 0.0549187 0.516284 0.068919 0.42057 0.0226038 0.381023 0.138558 0.428027 0.132239 0.523925 0.102341 0.33092 0.055892 0.285633 0.131598 0.240464 0.0899047 0.202249 0.184475 0.242907 0.159572 0.143846 0.114427 0.117428 0.190461 0.144997 0.168312 0.0427288 0.126061 0.0264049 0.192153 0.0453405 0.102459 0.921475 0.1424 0.884455 0.11632 0.794549 0.0695032 0.836682 0.17645 0.80086 0.175014 0.896406 0.0851181 0.706881 0.0344333 0.741023 0.0611811 0.615136 0.00813152 0.625577 0.133771 0.617028 0.181836 0.432821 0.176968 0.524193 0.18276 0.339261 0.179025 0.705511 0.179668 0.612967 0.210647 0.52278 1.11147 0.528399 1.12248 0.434051 1.13393 0.339525 1.12171 0.24657 1.11843 0.149148 1.11651 0.0481611 1.11529 0.893938 1.13188 0.802767 1.11975 0.709746 1.12125 0.619684 1.13692 0.527042 1.17989 0.431487 1.18139 0.525844 1.17172 0.048947 1.17903 0.901273 1.18073 0.6174 1.17945 0.14792 1.28622 0.417641 1.30083 0.531968 1.24989 0.322673 1.20605 0.244432 1.20661 0.802166 1.25025 0.733513 1.28669 0.645737 1.29504 0.589581 1.31367 0.477715 1.26329 0.684749 1.23091 0.770531 1.2077 0.857796 1.19494 0.951243 1.24595 0.148127 1.21034 0.0653676 1.28266 0.24174 1.30928 0.35416 0.00339858 0.497561 0.0549187 0.516284 0.068919 0.42057 0.0226038 0.381023 0.138558 0.428027 0.132239 0.523925 0.10234 0.33092 0.055892 0.285633 0.131598 0.240464 0.0899047 0.202249 0.184473 0.242907 0.159572 0.143846 0.114427 0.117428 0.190463 0.144997 0.168312 0.0427288 0.126061 0.0264049 0.192155 0.0453405 0.102459 0.921475 0.1424 0.884455 0.11632 0.794549 0.0695032 0.836682 0.176449 0.80086 0.175018 0.896408 0.0851181 0.706881 0.0344333 0.741023 0.0611811 0.615136 0.00813152 0.625577 0.133771 0.617028 0.181831 0.432821 0.180634 0.524039 0.182756 0.339263 0.17902 0.705509 0.179662 0.612966 1.11147 0.528399 1.12247 0.434051 1.13392 0.339525 1.12171 0.24657 1.11843 0.149148 1.11651 0.0481611 1.11529 0.893938 1.13187 0.802767 1.11974 0.709746 1.12124 0.619684 1.13692 0.527042 1.17989 0.431487 1.18139 0.525844 1.17172 0.0489471 1.17903 0.901273 1.18073 0.6174 1.17945 0.14792 1.28622 0.417641 1.30083 0.531968 1.24989 0.322673 1.20605 0.244432 1.20661 0.802166 1.25025 0.733513 1.28669 0.645737 1.25005 0.459798 1.23855 0.552601 1.22221 0.649306 1.19666 0.74161 1.17197 0.834598 1.20246 0.185724 1.17932 0.0977088 1.22898 0.274219 1.2428 0.368341 1.13741 0.45702 1.13829 0.541015 1.14281 0.632549 1.14716 0.731867 1.14771 0.832789 1.14565 0.9328 1.16195 0.936379 1.15056 0.09591 1.1475 0.192351 1.1441 0.289029 1.13988 0.377795 0.211252 0.489643 0.210881 0.590224 0.208445 0.689722 0.19966 0.789584 0.213656 0.888855 0.220214 0.988928 0.201687 0.0885412 0.176148 0.193978 0.203158 0.290569 0.208758 0.389703 0.163678 0.496112 0.165204 0.591476 0.139886 0.696753 0.174897 0.892853 0.188876 0.991397 0.155783 0.0914661 0.145485 0.300585 0.161598 0.402012 0.114181 0.500732 0.117674 0.599144 0.144076 0.905529 0.165629 1.00196 0.120035 0.090701 0.113948 0.403203 -0.00053825 0.495234 0.0163618 0.626199 0.0567637 0.73445 0.103956 0.820411 0.0933887 0.184867 0.0523803 0.266706 0.0148197 0.365097 0.068919 0.42057 0.0226038 0.381023 0.00339858 0.497561 0.0549187 0.516284 0.132239 0.523925 0.138558 0.428027 0.102341 0.33092 0.055892 0.285633 0.131598 0.240464 0.0899047 0.202249 0.184478 0.242907 0.159572 0.143846 0.114427 0.117428 0.190457 0.144998 0.168312 0.0427288 0.126061 0.0264049 0.192147 0.0453407 0.11632 0.794549 0.0695032 0.836682 0.102459 0.921475 0.1424 0.884455 0.175004 0.896403 0.176451 0.800861 0.0851181 0.706881 0.0344333 0.741023 0.0611811 0.615136 0.00813152 0.625577 0.133771 0.617028 0.176968 0.524193 0.181844 0.432819 0.182766 0.33926 0.179034 0.705514 0.179677 0.612969 0.210647 0.52278 1.11147 0.528399 1.12249 0.43405 1.13394 0.339524 1.12172 0.246568 1.11843 0.149148 1.11651 0.0481611 1.11529 0.893938 1.13189 0.802769 1.11976 0.709746 1.12126 0.619683 1.13692 0.527042 1.18139 0.525844 1.17989 0.431487 1.17172 0.048947 1.17903 0.901273 1.18073 0.6174 1.17945 0.14792 1.30083 0.531968 1.28622 0.417641 1.24989 0.322673 1.20605 0.244432 1.20661 0.802166 1.25025 0.733513 1.28669 0.645737 1.31367 0.477715 1.29504 0.589581 1.26329 0.684749 1.23091 0.770531 1.2077 0.857796 1.19494 0.951243 1.21034 0.0653676 1.24595 0.148127 1.28266 0.24174 1.30928 0.35416 0.362189 0.970264 0.371238 0.704936 0.256434 0.709389 0.249652 0.941778 0.475244 0.98542 0.476981 0.703925 0.586206 0.980156 0.579094 0.704074 0.693434 0.956933 0.684226 0.707158 0.799136 0.926619 0.797005 0.709373 0.907009 0.903397 1.01824 0.898134 1.01805 0.698824 0.137562 0.913292 0.136794 0.706362 0.0248946 0.698824 0.0250889 0.898134 0.298746 0.610776 0.282461 0.788103 0.210619 0.903844 0.116837 0.903844 0.0449955 0.788103 0.0287104 0.610776 0.0756015 0.454838 0.163728 0.393253 0.251855 0.454838 0.370215 0.189623 0.264449 0.239443 0.252929 0.522899 0.363002 0.517598 0.473915 0.514774 0.583679 0.51575 0.682268 0.212557 0.690311 0.520069 0.785041 0.268674 0.796287 0.525709 0.899811 0.318102 0.906155 0.530033 1.02089 0.329876 1.0206 0.531016 0.141775 0.528198 0.149632 0.29646 0.0277427 0.329876 0.0274528 0.531016 0.357737 0.0378025 0.249649 0.103786 0.473899 0.00269264 0.59028 0.0148849 0.696158 0.0686742 0.796398 0.138892 0.902906 0.192683 1.01958 0.204877 0.141979 0.169769 0.026427 0.204877 0.362189 0.970264 0.371238 0.704936 0.256434 0.709389 0.249652 0.941778 0.475244 0.98542 0.476981 0.703925 0.586206 0.980156 0.579094 0.704074 0.693434 0.956933 0.684226 0.707158 0.799136 0.926619 0.797005 0.709373 0.907009 0.903397 1.01824 0.898134 1.01805 0.698824 0.137562 0.913292 0.136794 0.706362 0.0248946 0.698824 0.0250889 0.898134 0.298746 0.610776 0.282461 0.788103 0.210619 0.903844 0.116837 0.903844 0.0449955 0.788103 0.0287104 0.610776 0.0756015 0.454838 0.163728 0.393253 0.251855 0.454838 0.370215 0.189623 0.264449 0.239443 0.252929 0.522899 0.363002 0.517598 0.473915 0.514774 0.583679 0.51575 0.682268 0.212557 0.690311 0.520069 0.785041 0.268674 0.796287 0.525709 0.899811 0.318102 0.906155 0.530033 1.02089 0.329876 1.0206 0.531016 0.141775 0.528198 0.149632 0.29646 0.0277427 0.329876 0.0274528 0.531016 0.357737 0.0378025 0.249649 0.103786 0.473899 0.00269264 0.59028 0.0148849 0.696158 0.0686742 0.796398 0.138892 0.902906 0.192683 1.01958 0.204877 0.141979 0.169769 0.026427 0.204877 0.362189 0.970264 0.371238 0.704936 0.256434 0.709389 0.249652 0.941778 0.475244 0.98542 0.476981 0.703925 0.586206 0.980156 0.579094 0.704074 0.693434 0.956933 0.684226 0.707158 0.799136 0.926619 0.797005 0.709373 0.907009 0.903397 1.01824 0.898134 1.01805 0.698824 0.137562 0.913292 0.136794 0.706362 0.0248946 0.698824 0.0250889 0.898134 0.298746 0.610776 0.282461 0.788103 0.210619 0.903844 0.116837 0.903844 0.0449955 0.788103 0.0287104 0.610776 0.0756015 0.454838 0.163728 0.393253 0.251855 0.454838 0.370215 0.189623 0.264449 0.239443 0.252929 0.522899 0.363002 0.517598 0.473915 0.514774 0.583679 0.51575 0.682268 0.212557 0.690311 0.520069 0.785041 0.268674 0.796287 0.525709 0.899811 0.318102 0.906155 0.530033 1.02089 0.329876 1.0206 0.531016 0.141775 0.528198 0.149632 0.29646 0.0277427 0.329876 0.0274528 0.531016 0.357737 0.0378025 0.249649 0.103786 0.473899 0.00269264 0.59028 0.0148849 0.696158 0.0686742 0.796398 0.138892 0.902906 0.192683 1.01958 0.204877 0.141979 0.169769 0.026427 0.204877 0.362189 0.970264 0.371238 0.704936 0.256434 0.709389 0.249652 0.941778 0.475244 0.98542 0.476981 0.703925 0.586206 0.980156 0.579094 0.704074 0.693434 0.956933 0.684226 0.707158 0.799136 0.926619 0.797005 0.709373 0.907009 0.903397 1.01824 0.898134 1.01805 0.698824 0.137562 0.913292 0.136794 0.706362 0.0248946 0.698824 0.0250889 0.898134 0.298746 0.610776 0.282461 0.788103 0.210619 0.903844 0.116837 0.903844 0.0449955 0.788103 0.0287104 0.610776 0.0756015 0.454838 0.163728 0.393253 0.251855 0.454838 0.370215 0.189623 0.264449 0.239443 0.252929 0.522899 0.363002 0.517598 0.473915 0.514774 0.583679 0.51575 0.682268 0.212557 0.690311 0.520069 0.785041 0.268674 0.796287 0.525709 0.899811 0.318102 0.906155 0.530033 1.02089 0.329876 1.0206 0.531016 0.141775 0.528198 0.149632 0.29646 0.0277427 0.329876 0.0274528 0.531016 0.357737 0.0378025 0.249649 0.103786 0.473899 0.00269264 0.59028 0.0148849 0.696158 0.0686742 0.796398 0.138892 0.902906 0.192683 1.01958 0.204877 0.141979 0.169769 0.026427 0.204877</float_array>
                    <technique_common>
                        <accessor count="875" source="#NODE3-lib-uv-array" stride="2">
                            <param name="S" type="float" />
                            <param name="T" type="float" />
                        </accessor>
                    </technique_common>
                </source>
                <vertices id="NODE3-lib-vertices">
                    <input semantic="POSITION" source="#NODE3-lib-positions" />
                </vertices>
                <triangles count="1276" material="MAT0">
                    <input offset="0" semantic="VERTEX" source="#NODE3-lib-vertices" set="0" />
                    <input offset="1" semantic="TEXCOORD" source="#NODE3-lib-uv" set="0" />
                    <p>98 108 99 109 0 0 0 0 1 1 98 108 2 2 98 108 1 1 7 7 8 8 106 117 99 109 106 117 8 8 8 8 0 0 99 109 1 1 0 0 9 9 9 9 10 10 1 1 2 2 1 1 10 10 10 10 11 11 2 2 3 3 2 2 11 11 11 11 12 12 3 3 4 4 3 3 12 12 12 12 13 13 4 4 6 14 4 4 13 13 13 13 14 15 6 14 5 5 6 6 14 16 14 16 15 17 5 5 7 7 5 5 15 17 15 17 16 18 7 7 8 8 7 7 16 18 16 18 17 19 8 8 0 0 8 8 17 19 17 19 9 9 0 0 10 10 9 9 18 20 18 20 19 21 10 10 11 11 10 10 19 21 19 21 20 22 11 11 12 12 11 11 20 22 20 22 21 23 12 12 13 13 12 12 21 23 21 23 22 24 13 13 14 15 13 13 22 24 22 24 23 25 14 15 15 17 14 16 23 26 23 26 24 27 15 17 16 18 15 17 24 27 24 27 25 28 16 18 17 19 16 18 25 28 25 28 26 29 17 19 9 9 17 19 26 29 26 29 18 20 9 9 19 21 18 20 27 30 27 30 28 31 19 21 20 22 19 21 28 31 28 31 29 32 20 22 21 23 20 22 29 32 21 23 30 33 22 24 23 25 22 24 30 33 30 33 31 34 23 25 24 27 23 26 31 35 24 27 32 36 25 28 26 29 25 28 32 36 32 36 33 37 26 29 18 20 26 29 33 37 33 37 27 30 18 20 28 31 27 30 34 38 34 38 35 39 28 31 29 32 28 31 35 39 29 32 42 47 21 23 30 33 21 23 42 47 42 47 36 40 30 33 31 34 30 33 36 40 36 40 37 41 31 34 24 27 31 35 37 42 37 42 43 48 24 27 32 36 24 27 43 48 32 36 38 43 33 37 27 30 33 37 38 43 38 43 34 38 27 30 35 39 34 38 39 44 39 44 40 45 35 39 29 32 35 39 40 45 40 45 41 46 29 32 42 47 29 32 41 46 43 48 44 49 32 36 38 43 32 36 44 49 44 49 45 50 38 43 34 38 38 43 45 50 45 50 39 44 34 38 46 51 47 52 48 53 48 53 49 54 46 51 50 55 48 53 47 52 47 52 51 56 50 55 49 54 48 53 52 57 52 57 53 58 49 54 48 53 50 55 52 57 53 58 52 57 54 59 54 59 55 60 53 58 56 61 54 59 52 57 55 60 54 59 57 62 57 62 58 63 55 60 59 64 57 62 54 59 54 59 56 61 59 64 58 63 57 62 60 65 60 65 61 66 58 63 62 67 60 65 57 62 57 62 59 64 62 67 61 68 60 69 63 70 63 70 64 71 61 68 65 72 63 70 60 69 60 69 62 73 65 72 64 71 63 70 66 74 66 74 67 75 64 71 74 82 66 74 63 70 63 70 65 72 74 82 67 75 66 74 68 76 68 76 69 77 67 75 70 78 68 76 66 74 66 74 74 82 70 78 69 77 68 76 47 52 47 52 46 51 69 77 51 56 47 52 68 76 68 76 70 78 51 56 71 79 50 55 51 56 51 56 72 80 71 79 73 81 52 57 50 55 50 55 71 79 73 81 52 57 73 81 56 61 75 83 70 78 74 82 72 80 51 56 70 78 70 78 75 83 72 80 76 84 77 85 71 79 71 79 72 80 76 84 77 85 78 86 73 81 73 81 71 79 77 85 78 86 79 87 56 61 56 61 73 81 78 86 79 87 80 88 59 64 59 64 56 61 79 87 80 88 81 89 62 67 62 67 59 64 80 88 81 90 82 91 65 72 65 72 62 73 81 90 82 91 83 92 74 82 74 82 65 72 82 91 83 92 84 93 75 83 75 83 74 82 83 92 84 93 76 84 72 80 72 80 75 83 84 93 76 84 85 94 77 85 85 94 76 84 84 93 86 95 77 85 85 94 85 94 87 96 86 95 77 85 86 95 78 86 94 104 79 87 78 86 90 100 80 88 79 87 79 87 94 104 90 100 88 97 81 89 80 88 80 88 90 100 88 97 81 90 88 98 82 91 96 106 83 92 82 91 89 99 84 93 83 92 83 92 96 106 89 99 87 96 85 94 84 93 84 93 89 99 87 96 91 101 86 95 87 96 87 96 92 102 91 101 93 103 78 86 86 95 86 95 91 101 93 103 78 86 93 103 94 104 95 105 82 91 88 98 82 91 95 105 96 106 97 107 89 99 96 106 92 102 87 96 89 99 89 99 97 107 92 102 2 2 100 110 98 108 3 3 101 111 100 110 100 110 2 2 3 3 4 4 102 112 101 111 101 111 3 3 4 4 6 14 103 113 102 112 102 112 4 4 6 14 5 5 104 114 103 115 103 115 6 6 5 5 7 7 105 116 104 114 104 114 5 5 7 7 105 116 7 7 106 117 107 118 108 119 207 228 207 228 206 227 107 118 109 120 207 228 108 119 114 125 115 126 214 236 115 126 107 118 206 227 206 227 214 236 115 126 116 127 117 128 108 119 108 119 107 118 116 127 117 128 118 129 109 120 109 120 108 119 117 128 118 129 119 130 110 121 110 121 109 120 118 129 119 130 120 131 111 122 111 122 110 121 119 130 120 131 121 132 113 133 113 133 111 122 120 131 121 134 122 135 112 123 112 123 113 124 121 134 122 135 123 136 114 125 114 125 112 123 122 135 123 136 124 137 115 126 115 126 114 125 123 136 124 137 116 127 107 118 107 118 115 126 124 137 125 138 126 139 117 128 117 128 116 127 125 138 126 139 127 140 118 129 118 129 117 128 126 139 127 140 128 141 119 130 119 130 118 129 127 140 128 141 129 142 120 131 120 131 119 130 128 141 129 142 130 143 121 132 121 132 120 131 129 142 130 144 131 145 122 135 122 135 121 134 130 144 131 145 132 146 123 136 123 136 122 135 131 145 132 146 133 147 124 137 124 137 123 136 132 146 133 147 125 138 116 127 116 127 124 137 133 147 134 148 135 149 126 139 126 139 125 138 134 148 135 149 136 150 127 140 127 140 126 139 135 149 128 141 127 140 136 150 128 141 137 151 129 142 137 151 138 152 130 143 130 143 129 142 137 151 131 145 130 144 138 153 131 145 139 154 132 146 139 154 140 155 133 147 133 147 132 146 139 154 140 155 134 148 125 138 125 138 133 147 140 155 141 156 142 157 135 149 135 149 134 148 141 156 136 150 135 149 142 157 136 150 149 165 128 141 149 165 143 158 137 151 137 151 128 141 149 165 143 158 144 159 138 152 138 152 137 151 143 158 144 160 150 166 131 145 131 145 138 153 144 160 139 154 131 145 150 166 139 154 145 161 140 155 145 161 141 156 134 148 134 148 140 155 145 161 146 162 147 163 142 157 142 157 141 156 146 162 147 163 148 164 136 150 136 150 142 157 147 163 149 165 136 150 148 164 150 166 151 167 139 154 151 167 152 168 145 161 145 161 139 154 151 167 152 168 146 162 141 156 141 156 145 161 152 168 153 169 154 170 155 171 155 171 156 172 153 169 156 172 157 173 158 174 158 174 153 169 156 172 159 175 160 176 154 170 154 170 153 169 159 175 153 169 158 174 159 175 161 177 162 178 160 176 160 176 159 175 161 177 163 179 161 177 159 175 164 180 165 181 162 178 162 178 161 177 164 180 161 177 163 179 166 182 166 182 164 180 161 177 167 183 168 184 165 181 165 181 164 180 167 183 164 180 166 182 169 185 169 185 167 183 164 180 170 186 171 187 168 188 168 188 167 189 170 186 167 189 169 190 172 191 172 191 170 186 167 189 173 192 174 193 171 187 171 187 170 186 173 192 170 186 172 191 181 200 181 200 173 192 170 186 175 194 176 195 174 193 174 193 173 192 175 194 173 192 181 200 177 196 177 196 175 194 173 192 156 172 155 171 176 195 176 195 175 194 156 172 175 194 177 196 157 173 157 173 156 172 175 194 157 173 178 197 179 198 179 198 158 174 157 173 158 174 179 198 180 199 180 199 159 175 158 174 159 175 180 199 163 179 182 201 177 196 181 200 177 196 182 201 178 197 178 197 157 173 177 196 178 197 183 202 179 198 183 202 178 197 182 201 179 198 183 202 184 203 184 203 185 204 179 198 180 199 179 198 185 204 185 204 186 205 180 199 163 179 180 199 186 205 186 205 187 206 163 179 166 182 163 179 187 206 187 206 188 207 166 182 169 185 166 182 188 207 188 207 189 208 169 185 172 191 169 190 189 209 189 209 190 210 172 191 181 200 172 191 190 210 190 210 191 211 181 200 182 201 181 200 191 211 191 211 192 212 182 201 183 202 182 201 192 212 192 212 184 203 183 202 184 203 193 213 185 204 193 213 184 203 192 212 193 213 194 214 195 215 195 215 185 204 193 213 185 204 195 215 186 205 202 223 187 206 186 205 187 206 202 223 198 219 198 219 188 207 187 206 188 207 198 219 196 216 196 216 189 208 188 207 189 209 196 217 190 210 204 225 191 211 190 210 191 211 204 225 197 218 197 218 192 212 191 211 192 212 197 218 194 214 194 214 193 213 192 212 194 214 199 220 200 221 200 221 195 215 194 214 195 215 200 221 201 222 201 222 186 205 195 215 186 205 201 222 202 223 203 224 190 210 196 217 190 210 203 224 204 225 205 226 197 218 204 225 197 218 205 226 199 220 199 220 194 214 197 218 109 120 208 229 207 228 208 229 109 120 110 121 110 121 209 230 208 229 209 230 110 121 111 122 111 122 210 231 209 230 210 231 111 122 113 133 113 133 211 232 210 231 211 233 113 124 112 123 112 123 212 234 211 233 212 234 112 123 114 125 114 125 213 235 212 234 213 235 114 125 214 236 215 237 216 238 315 347 315 347 314 346 215 237 217 239 315 347 216 238 222 244 223 245 322 355 223 245 215 237 314 346 314 346 322 355 223 245 224 246 225 247 216 238 216 238 215 237 224 246 225 247 226 248 217 239 217 239 216 238 225 247 226 248 227 249 218 240 218 240 217 239 226 248 227 249 228 250 219 241 219 241 218 240 227 249 228 250 229 251 221 252 221 252 219 241 228 250 229 253 230 254 220 242 220 242 221 243 229 253 230 254 231 255 222 244 222 244 220 242 230 254 231 255 232 256 223 245 223 245 222 244 231 255 232 256 224 246 215 237 215 237 223 245 232 256 233 257 234 258 225 247 225 247 224 246 233 257 234 258 235 259 226 248 226 248 225 247 234 258 235 259 236 260 227 249 227 249 226 248 235 259 236 260 237 261 228 250 228 250 227 249 236 260 237 261 238 262 229 251 229 251 228 250 237 261 238 263 239 264 230 254 230 254 229 253 238 263 239 264 240 265 231 255 231 255 230 254 239 264 240 265 241 266 232 256 232 256 231 255 240 265 241 266 233 257 224 246 224 246 232 256 241 266 242 267 243 268 234 258 234 258 233 257 242 267 243 268 244 269 235 259 235 259 234 258 243 268 236 260 235 259 244 269 236 260 245 270 237 261 245 270 246 271 238 262 238 262 237 261 245 270 239 264 238 263 246 272 239 264 247 273 240 265 247 273 248 274 241 266 241 266 240 265 247 273 248 274 242 267 233 257 233 257 241 266 248 274 249 275 250 276 243 268 243 268 242 267 249 275 244 269 243 268 250 276 244 269 257 284 236 260 257 284 251 277 245 270 245 270 236 260 257 284 251 277 252 278 246 271 246 271 245 270 251 277 252 279 258 285 239 264 239 264 246 272 252 279 247 273 239 264 258 285 247 273 253 280 248 274 253 280 249 275 242 267 242 267 248 274 253 280 254 281 255 282 250 276 250 276 249 275 254 281 255 282 256 283 244 269 244 269 250 276 255 282 257 284 244 269 256 283 258 285 259 286 247 273 259 286 260 287 253 280 253 280 247 273 259 286 260 287 254 281 249 275 249 275 253 280 260 287 261 288 262 289 263 290 263 290 264 291 261 288 264 291 265 292 266 293 266 293 261 288 264 291 267 294 268 295 262 289 262 289 261 288 267 294 261 288 266 293 267 294 269 296 270 297 268 295 268 295 267 294 269 296 271 298 269 296 267 294 272 299 273 300 270 297 270 297 269 296 272 299 269 296 271 298 274 301 274 301 272 299 269 296 275 302 276 303 273 300 273 300 272 299 275 302 272 299 274 301 277 304 277 304 275 302 272 299 278 305 279 306 276 307 276 307 275 308 278 305 275 308 277 309 280 310 280 310 278 305 275 308 281 311 282 312 279 306 279 306 278 305 281 311 278 305 280 310 289 319 289 319 281 311 278 305 283 313 284 314 282 312 282 312 281 311 283 313 281 311 289 319 285 315 285 315 283 313 281 311 264 291 263 290 284 314 284 314 283 313 264 291 283 313 285 315 265 292 265 292 264 291 283 313 265 292 286 316 287 317 287 317 266 293 265 292 266 293 287 317 288 318 288 318 267 294 266 293 267 294 288 318 271 298 290 320 285 315 289 319 285 315 290 320 286 316 286 316 265 292 285 315 286 316 291 321 287 317 291 321 286 316 290 320 287 317 291 321 292 322 292 322 293 323 287 317 288 318 287 317 293 323 293 323 294 324 288 318 271 298 288 318 294 324 294 324 295 325 271 298 274 301 271 298 295 325 295 325 296 326 274 301 277 304 274 301 296 326 296 326 297 327 277 304 280 310 277 309 297 328 297 328 298 329 280 310 289 319 280 310 298 329 298 329 299 330 289 319 290 320 289 319 299 330 299 330 300 331 290 320 291 321 290 320 300 331 300 331 292 322 291 321 292 322 301 332 293 323 301 332 292 322 300 331 301 332 302 333 303 334 303 334 293 323 301 332 293 323 303 334 294 324 310 342 295 325 294 324 295 325 310 342 306 338 306 338 296 326 295 325 296 326 306 338 304 335 304 335 297 327 296 326 297 328 304 336 298 329 312 344 299 330 298 329 299 330 312 344 305 337 305 337 300 331 299 330 300 331 305 337 302 333 302 333 301 332 300 331 302 333 307 339 308 340 308 340 303 334 302 333 303 334 308 340 309 341 309 341 294 324 303 334 294 324 309 341 310 342 311 343 298 329 304 336 298 329 311 343 312 344 313 345 305 337 312 344 305 337 313 345 307 339 307 339 302 333 305 337 217 239 316 348 315 347 316 348 217 239 218 240 218 240 317 349 316 348 317 349 218 240 219 241 219 241 318 350 317 349 318 350 219 241 221 252 221 252 319 351 318 350 319 352 221 243 220 242 220 242 320 353 319 352 320 353 220 242 222 244 222 244 321 354 320 353 321 354 222 244 322 355 422 465 423 466 323 356 323 356 324 357 422 465 325 358 422 465 324 357 330 363 331 364 430 474 423 466 430 474 331 364 331 364 323 356 423 466 324 357 323 356 332 365 332 365 333 366 324 357 325 358 324 357 333 366 333 366 334 367 325 358 326 359 325 358 334 367 334 367 335 368 326 359 327 360 326 359 335 368 335 368 336 369 327 360 329 370 327 360 336 369 336 369 337 371 329 370 328 361 329 362 337 372 337 372 338 373 328 361 330 363 328 361 338 373 338 373 339 374 330 363 331 364 330 363 339 374 339 374 340 375 331 364 323 356 331 364 340 375 340 375 332 365 323 356 333 366 332 365 341 376 341 376 342 377 333 366 334 367 333 366 342 377 342 377 343 378 334 367 335 368 334 367 343 378 343 378 344 379 335 368 336 369 335 368 344 379 344 379 345 380 336 369 337 371 336 369 345 380 345 380 346 381 337 371 338 373 337 372 346 382 346 382 347 383 338 373 339 374 338 373 347 383 347 383 348 384 339 374 340 375 339 374 348 384 348 384 349 385 340 375 332 365 340 375 349 385 349 385 341 376 332 365 342 377 341 376 350 386 350 386 351 387 342 377 343 378 342 377 351 387 351 387 352 388 343 378 344 379 343 378 352 388 344 379 353 389 345 380 346 381 345 380 353 389 353 389 354 390 346 381 347 383 346 382 354 391 347 383 355 392 348 384 349 385 348 384 355 392 355 392 356 393 349 385 341 376 349 385 356 393 356 393 350 386 341 376 351 387 350 386 357 394 357 394 358 395 351 387 352 388 351 387 358 395 352 388 365 403 344 379 353 389 344 379 365 403 365 403 359 396 353 389 354 390 353 389 359 396 359 396 360 397 354 390 347 383 354 391 360 398 360 398 366 404 347 383 355 392 347 383 366 404 355 392 361 399 356 393 350 386 356 393 361 399 361 399 357 394 350 386 358 395 357 394 362 400 362 400 363 401 358 395 352 388 358 395 363 401 363 401 364 402 352 388 365 403 352 388 364 402 366 404 367 405 355 392 361 399 355 392 367 405 367 405 368 406 361 399 357 394 361 399 368 406 368 406 362 400 357 394 369 407 370 408 371 409 371 409 372 410 369 407 373 411 371 409 370 408 370 408 374 412 373 411 372 410 371 409 375 413 375 413 376 414 372 410 371 409 373 411 375 413 376 414 375 413 377 415 377 415 378 416 376 414 379 417 377 415 375 413 378 416 377 415 380 418 380 418 381 419 378 416 382 420 380 418 377 415 377 415 379 417 382 420 381 419 380 418 383 421 383 421 384 422 381 419 385 423 383 421 380 418 380 418 382 420 385 423 384 424 383 425 386 426 386 426 387 427 384 424 388 428 386 426 383 425 383 425 385 429 388 428 387 427 386 426 389 430 389 430 390 431 387 427 397 438 389 430 386 426 386 426 388 428 397 438 390 431 389 430 391 432 391 432 392 433 390 431 393 434 391 432 389 430 389 430 397 438 393 434 392 433 391 432 370 408 370 408 369 407 392 433 374 412 370 408 391 432 391 432 393 434 374 412 394 435 373 411 374 412 374 412 395 436 394 435 396 437 375 413 373 411 373 411 394 435 396 437 375 413 396 437 379 417 398 439 393 434 397 438 395 436 374 412 393 434 393 434 398 439 395 436 395 436 399 440 394 435 399 440 395 436 398 439 400 441 401 442 394 435 394 435 399 440 400 441 401 442 402 443 396 437 396 437 394 435 401 442 402 443 403 444 379 417 379 417 396 437 402 443 403 444 404 445 382 420 382 420 379 417 403 444 404 445 405 446 385 423 385 423 382 420 404 445 405 447 406 448 388 428 388 428 385 429 405 447 406 448 407 449 397 438 397 438 388 428 406 448 407 449 408 450 398 439 398 439 397 438 407 449 408 450 400 441 399 440 399 440 398 439 408 450 400 441 409 451 401 442 409 451 400 441 408 450 410 452 401 442 409 451 409 451 411 453 410 452 401 442 410 452 402 443 418 461 403 444 402 443 414 457 404 445 403 444 403 444 418 461 414 457 412 454 405 446 404 445 404 445 414 457 412 454 405 447 412 455 406 448 420 463 407 449 406 448 413 456 408 450 407 449 407 449 420 463 413 456 411 453 409 451 408 450 408 450 413 456 411 453 415 458 410 452 411 453 411 453 416 459 415 458 417 460 402 443 410 452 410 452 415 458 417 460 402 443 417 460 418 461 419 462 406 448 412 455 406 448 419 462 420 463 421 464 413 456 420 463 416 459 411 453 413 456 413 456 421 464 416 459 325 358 424 467 422 465 326 359 425 468 424 467 424 467 325 358 326 359 327 360 426 469 425 468 425 468 326 359 327 360 329 370 427 470 426 469 426 469 327 360 329 370 328 361 428 471 427 472 427 472 329 362 328 361 330 363 429 473 428 471 428 471 328 361 330 363 429 473 330 363 430 474 431 475 432 476 433 477 433 477 434 478 431 475 435 479 433 477 432 476 432 476 436 480 435 479 434 478 433 477 437 481 437 481 438 482 434 478 433 477 435 479 437 481 438 482 437 481 439 483 439 483 440 484 438 482 441 485 439 483 437 481 440 484 439 483 442 486 442 486 443 487 440 484 444 488 442 486 439 483 439 483 441 485 444 488 443 487 442 486 445 489 445 489 446 490 443 487 447 491 445 489 442 486 442 486 444 488 447 491 446 492 445 493 448 494 448 494 449 495 446 492 450 496 448 494 445 493 445 493 447 497 450 496 449 495 448 494 451 498 451 498 452 499 449 495 459 506 451 498 448 494 448 494 450 496 459 506 452 499 451 498 453 500 453 500 454 501 452 499 455 502 453 500 451 498 451 498 459 506 455 502 454 501 453 500 432 476 432 476 431 475 454 501 436 480 432 476 453 500 453 500 455 502 436 480 456 503 435 479 436 480 436 480 457 504 456 503 458 505 437 481 435 479 435 479 456 503 458 505 437 481 458 505 441 485 460 507 455 502 459 506 457 504 436 480 455 502 455 502 460 507 457 504 461 508 462 509 456 503 456 503 457 504 461 508 462 509 463 510 458 505 458 505 456 503 462 509 463 510 464 511 441 485 441 485 458 505 463 510 464 511 465 512 444 488 444 488 441 485 464 511 465 512 466 513 447 491 447 491 444 488 465 512 466 514 467 515 450 496 450 496 447 497 466 514 467 515 468 516 459 506 459 506 450 496 467 515 468 516 469 517 460 507 460 507 459 506 468 516 469 517 461 508 457 504 457 504 460 507 469 517 461 508 470 518 462 509 470 518 461 508 469 517 471 519 462 509 470 518 470 518 472 520 471 519 462 509 471 519 463 510 479 528 464 511 463 510 475 524 465 512 464 511 464 511 479 528 475 524 473 521 466 513 465 512 465 512 475 524 473 521 466 514 473 522 467 515 481 530 468 516 467 515 474 523 469 517 468 516 468 516 481 530 474 523 472 520 470 518 469 517 469 517 474 523 472 520 476 525 471 519 472 520 472 520 477 526 476 525 478 527 463 510 471 519 471 519 476 525 478 527 463 510 478 527 479 528 480 529 467 515 473 522 467 515 480 529 481 530 482 531 474 523 481 530 477 526 472 520 474 523 474 523 482 531 477 526 483 532 484 533 583 642 583 642 582 641 483 532 485 534 583 642 484 533 490 539 491 540 590 650 491 540 483 532 582 641 582 641 590 650 491 540 492 541 493 542 484 533 484 533 483 532 492 541 493 542 494 543 485 534 485 534 484 533 493 542 494 543 495 544 486 535 486 535 485 534 494 543 495 544 496 545 487 536 487 536 486 535 495 544 496 545 497 546 489 547 489 547 487 536 496 545 497 548 498 549 488 537 488 537 489 538 497 548 498 549 499 550 490 539 490 539 488 537 498 549 499 550 500 551 491 540 491 540 490 539 499 550 500 551 492 541 483 532 483 532 491 540 500 551 501 552 502 553 493 542 493 542 492 541 501 552 502 553 503 554 494 543 494 543 493 542 502 553 503 554 504 555 495 544 495 544 494 543 503 554 504 555 505 556 496 545 496 545 495 544 504 555 505 556 506 557 497 546 497 546 496 545 505 556 506 558 507 559 498 549 498 549 497 548 506 558 507 559 508 560 499 550 499 550 498 549 507 559 508 560 509 561 500 551 500 551 499 550 508 560 509 561 501 552 492 541 492 541 500 551 509 561 510 562 511 563 502 553 502 553 501 552 510 562 511 563 512 564 503 554 503 554 502 553 511 563 504 555 503 554 512 564 504 555 513 565 505 556 513 565 514 566 506 557 506 557 505 556 513 565 507 559 506 558 514 567 507 559 515 568 508 560 515 568 516 569 509 561 509 561 508 560 515 568 516 569 510 562 501 552 501 552 509 561 516 569 517 570 518 571 511 563 511 563 510 562 517 570 512 564 511 563 518 571 512 564 525 579 504 555 525 579 519 572 513 565 513 565 504 555 525 579 519 572 520 573 514 566 514 566 513 565 519 572 520 574 526 580 507 559 507 559 514 567 520 574 515 568 507 559 526 580 515 568 521 575 516 569 521 575 517 570 510 562 510 562 516 569 521 575 522 576 523 577 518 571 518 571 517 570 522 576 523 577 524 578 512 564 512 564 518 571 523 577 525 579 512 564 524 578 526 580 527 581 515 568 527 581 528 582 521 575 521 575 515 568 527 581 528 582 522 576 517 570 517 570 521 575 528 582 529 583 530 584 531 585 531 585 532 586 529 583 532 586 533 587 534 588 534 588 529 583 532 586 535 589 536 590 530 584 530 584 529 583 535 589 529 583 534 588 535 589 537 591 538 592 536 590 536 590 535 589 537 591 539 593 537 591 535 589 540 594 541 595 538 592 538 592 537 591 540 594 537 591 539 593 542 596 542 596 540 594 537 591 543 597 544 598 541 595 541 595 540 594 543 597 540 594 542 596 545 599 545 599 543 597 540 594 546 600 547 601 544 602 544 602 543 603 546 600 543 603 545 604 548 605 548 605 546 600 543 603 549 606 550 607 547 601 547 601 546 600 549 606 546 600 548 605 557 614 557 614 549 606 546 600 551 608 552 609 550 607 550 607 549 606 551 608 549 606 557 614 553 610 553 610 551 608 549 606 532 586 531 585 552 609 552 609 551 608 532 586 551 608 553 610 533 587 533 587 532 586 551 608 533 587 554 611 555 612 555 612 534 588 533 587 534 588 555 612 556 613 556 613 535 589 534 588 535 589 556 613 539 593 558 615 553 610 557 614 553 610 558 615 554 611 554 611 533 587 553 610 554 611 559 616 555 612 559 616 554 611 558 615 555 612 559 616 560 617 560 617 561 618 555 612 556 613 555 612 561 618 561 618 562 619 556 613 539 593 556 613 562 619 562 619 563 620 539 593 542 596 539 593 563 620 563 620 564 621 542 596 545 599 542 596 564 621 564 621 565 622 545 599 548 605 545 604 565 623 565 623 566 624 548 605 557 614 548 605 566 624 566 624 567 625 557 614 558 615 557 614 567 625 567 625 568 626 558 615 559 616 558 615 568 626 568 626 560 617 559 616 560 617 569 627 561 618 569 627 560 617 568 626 569 627 570 628 571 629 571 629 561 618 569 627 561 618 571 629 562 619 578 637 563 620 562 619 563 620 578 637 574 633 574 633 564 621 563 620 564 621 574 633 572 630 572 630 565 622 564 621 565 623 572 631 566 624 580 639 567 625 566 624 567 625 580 639 573 632 573 632 568 626 567 625 568 626 573 632 570 628 570 628 569 627 568 626 570 628 575 634 576 635 576 635 571 629 570 628 571 629 576 635 577 636 577 636 562 619 571 629 562 619 577 636 578 637 579 638 566 624 572 631 566 624 579 638 580 639 581 640 573 632 580 639 573 632 581 640 575 634 575 634 570 628 573 632 485 534 584 643 583 642 584 643 485 534 486 535 486 535 585 644 584 643 585 644 486 535 487 536 487 536 586 645 585 644 586 645 487 536 489 547 489 547 587 646 586 645 587 647 489 538 488 537 488 537 588 648 587 647 588 648 488 537 490 539 490 539 589 649 588 648 589 649 490 539 590 650 591 651 592 652 593 653 593 653 594 654 591 651 595 655 596 656 592 652 592 652 591 651 595 655 595 655 597 657 598 658 598 658 596 656 595 655 597 657 599 659 600 660 600 660 598 658 597 657 599 659 601 661 602 662 602 662 600 660 599 659 603 663 602 662 601 661 603 663 604 664 605 665 606 666 607 667 605 668 605 668 604 669 606 666 594 654 593 653 607 667 607 667 606 666 594 654 604 670 603 671 601 672 601 672 599 673 597 674 597 674 595 675 591 676 601 672 597 674 591 676 604 670 601 672 591 676 604 670 591 676 594 677 606 678 604 670 594 677 608 679 609 680 610 681 610 681 611 682 608 679 626 699 608 679 611 682 611 682 612 683 626 699 627 700 626 699 612 683 612 683 613 684 627 700 614 685 627 700 613 684 613 684 615 686 614 685 616 687 614 685 615 686 615 686 617 688 616 687 618 689 616 687 617 688 617 688 619 690 618 689 620 691 618 689 619 690 619 690 621 692 620 691 622 693 623 694 620 695 620 695 621 696 622 693 610 681 609 680 623 694 623 694 622 693 610 681 608 679 624 697 625 698 625 698 609 680 608 679 624 697 608 679 626 699 627 700 614 685 628 701 629 702 628 701 614 685 614 685 616 687 629 702 630 703 629 702 616 687 616 687 618 689 630 703 631 704 630 703 618 689 618 689 620 691 631 704 623 694 632 705 631 706 631 706 620 695 623 694 609 680 625 698 632 705 632 705 623 694 609 680 592 652 611 682 610 681 610 681 593 653 592 652 596 656 612 683 611 682 611 682 592 652 596 656 613 684 612 683 596 656 596 656 598 658 613 684 615 686 613 684 598 658 598 658 600 660 615 686 617 688 615 686 600 660 600 660 602 662 617 688 619 690 617 688 602 662 602 662 603 663 619 690 621 692 619 690 603 663 603 663 605 665 621 692 607 667 622 693 621 696 621 696 605 668 607 667 593 653 610 681 622 693 622 693 607 667 593 653 633 707 634 708 635 709 635 709 636 710 633 707 637 711 638 712 634 708 634 708 633 707 637 711 637 711 639 713 640 714 640 714 638 712 637 711 639 713 641 715 642 716 642 716 640 714 639 713 641 715 643 717 644 718 644 718 642 716 641 715 645 719 644 718 643 717 645 719 646 720 647 721 648 722 649 723 647 724 647 724 646 725 648 722 636 710 635 709 649 723 649 723 648 722 636 710 646 726 645 727 643 728 643 728 641 729 639 730 639 730 637 731 633 732 643 728 639 730 633 732 646 726 643 728 633 732 646 726 633 732 636 733 648 734 646 726 636 733 650 735 651 736 652 737 652 737 653 738 650 735 668 755 650 735 653 738 653 738 654 739 668 755 669 756 668 755 654 739 654 739 655 740 669 756 656 741 669 756 655 740 655 740 657 742 656 741 658 743 656 741 657 742 657 742 659 744 658 743 660 745 658 743 659 744 659 744 661 746 660 745 662 747 660 745 661 746 661 746 663 748 662 747 664 749 665 750 662 751 662 751 663 752 664 749 652 737 651 736 665 750 665 750 664 749 652 737 650 735 666 753 667 754 667 754 651 736 650 735 666 753 650 735 668 755 669 756 656 741 670 757 671 758 670 757 656 741 656 741 658 743 671 758 672 759 671 758 658 743 658 743 660 745 672 759 673 760 672 759 660 745 660 745 662 747 673 760 665 750 674 761 673 762 673 762 662 751 665 750 651 736 667 754 674 761 674 761 665 750 651 736 634 708 653 738 652 737 652 737 635 709 634 708 638 712 654 739 653 738 653 738 634 708 638 712 655 740 654 739 638 712 638 712 640 714 655 740 657 742 655 740 640 714 640 714 642 716 657 742 659 744 657 742 642 716 642 716 644 718 659 744 661 746 659 744 644 718 644 718 645 719 661 746 663 748 661 746 645 719 645 719 647 721 663 748 649 723 664 749 663 752 663 752 647 724 649 723 635 709 652 737 664 749 664 749 649 723 635 709 675 763 676 764 677 765 677 765 678 766 675 763 679 767 680 768 676 764 676 764 675 763 679 767 679 767 681 769 682 770 682 770 680 768 679 767 681 769 683 771 684 772 684 772 682 770 681 769 683 771 685 773 686 774 686 774 684 772 683 771 687 775 686 774 685 773 687 775 688 776 689 777 690 778 691 779 689 780 689 780 688 781 690 778 678 766 677 765 691 779 691 779 690 778 678 766 688 782 687 783 685 784 685 784 683 785 681 786 681 786 679 787 675 788 685 784 681 786 675 788 688 782 685 784 675 788 688 782 675 788 678 789 690 790 688 782 678 789 692 791 693 792 694 793 694 793 695 794 692 791 710 811 692 791 695 794 695 794 696 795 710 811 711 812 710 811 696 795 696 795 697 796 711 812 698 797 711 812 697 796 697 796 699 798 698 797 700 799 698 797 699 798 699 798 701 800 700 799 702 801 700 799 701 800 701 800 703 802 702 801 704 803 702 801 703 802 703 802 705 804 704 803 706 805 707 806 704 807 704 807 705 808 706 805 694 793 693 792 707 806 707 806 706 805 694 793 692 791 708 809 709 810 709 810 693 792 692 791 708 809 692 791 710 811 711 812 698 797 712 813 713 814 712 813 698 797 698 797 700 799 713 814 714 815 713 814 700 799 700 799 702 801 714 815 715 816 714 815 702 801 702 801 704 803 715 816 707 806 716 817 715 818 715 818 704 807 707 806 693 792 709 810 716 817 716 817 707 806 693 792 676 764 695 794 694 793 694 793 677 765 676 764 680 768 696 795 695 794 695 794 676 764 680 768 697 796 696 795 680 768 680 768 682 770 697 796 699 798 697 796 682 770 682 770 684 772 699 798 701 800 699 798 684 772 684 772 686 774 701 800 703 802 701 800 686 774 686 774 687 775 703 802 705 804 703 802 687 775 687 775 689 777 705 804 691 779 706 805 705 808 705 808 689 780 691 779 677 765 694 793 706 805 706 805 691 779 677 765 717 819 718 820 719 821 719 821 720 822 717 819 721 823 722 824 718 820 718 820 717 819 721 823 721 823 723 825 724 826 724 826 722 824 721 823 723 825 725 827 726 828 726 828 724 826 723 825 725 827 727 829 728 830 728 830 726 828 725 827 729 831 728 830 727 829 729 831 730 832 731 833 732 834 733 835 731 836 731 836 730 837 732 834 720 822 719 821 733 835 733 835 732 834 720 822 730 838 729 839 727 840 727 840 725 841 723 842 723 842 721 843 717 844 727 840 723 842 717 844 730 838 727 840 717 844 730 838 717 844 720 845 732 846 730 838 720 845 734 847 735 848 736 849 736 849 737 850 734 847 752 867 734 847 737 850 737 850 738 851 752 867 753 868 752 867 738 851 738 851 739 852 753 868 740 853 753 868 739 852 739 852 741 854 740 853 742 855 740 853 741 854 741 854 743 856 742 855 744 857 742 855 743 856 743 856 745 858 744 857 746 859 744 857 745 858 745 858 747 860 746 859 748 861 749 862 746 863 746 863 747 864 748 861 736 849 735 848 749 862 749 862 748 861 736 849 734 847 750 865 751 866 751 866 735 848 734 847 750 865 734 847 752 867 753 868 740 853 754 869 755 870 754 869 740 853 740 853 742 855 755 870 756 871 755 870 742 855 742 855 744 857 756 871 757 872 756 871 744 857 744 857 746 859 757 872 749 862 758 873 757 874 757 874 746 863 749 862 735 848 751 866 758 873 758 873 749 862 735 848 718 820 737 850 736 849 736 849 719 821 718 820 722 824 738 851 737 850 737 850 718 820 722 824 739 852 738 851 722 824 722 824 724 826 739 852 741 854 739 852 724 826 724 826 726 828 741 854 743 856 741 854 726 828 726 828 728 830 743 856 745 858 743 856 728 830 728 830 729 831 745 858 747 860 745 858 729 831 729 831 731 833 747 860 733 835 748 861 747 864 747 864 731 836 733 835 719 821 736 849 748 861 748 861 733 835 719 821</p>
                </triangles>
            </mesh>
        </geometry>
        <geometry id="NODE4-lib" name="NODE4Mesh">
            <mesh>
                <source id="NODE4-lib-positions">
                    <float_array id="NODE4-lib-positions-array" count="1938">-22.6824 12.5096 -153.103 -58.8257 12.7712 -151.631 -40.4456 13.3539 -148.901 -21.444 13.228 -138.998 -22.0011 12.331 -145.935 -13.7968 12.2428 -136.131 -0.802443 0.779252 -151.66 -1.27889 0.792283 -142.035 -90.6393 9.81233 -145.956 -92.2915 9.71946 -153.725 -94.2558 7.49593 -137.102 -91.991 9.51444 -140.252 -12.9855 10.8454 -154.028 -5.04925 8.99711 -154.185 -7.70898 9.52559 -153.066 -11.5719 10.7974 -148.347 -15.9279 12.2073 -153.116 -5.75883 9.7295 -142.971 -76.0348 13.1738 -149.942 -57.7421 12.1329 -146.976 -65.5093 13.4536 -149.778 -73.5662 12.5072 -142.994 -58.1652 13.1127 -141.213 -40.8186 12.2148 -137.518 -61.8186 12.5705 -136.804 -40.7097 11.6491 -136.53 -4.00815 8.40981 -141.128 -5.68976 9.13979 -149.053 -9.88212 10.2297 -135.664 -28.6583 10.7573 -135.907 -9.50557 10.0685 -137.058 -94.8338 6.2286 -140.954 -94.046 8.35804 -152.024 -97.1076 -0.171957 -152.393 -96.2544 5.10617 -154.018 -94.0456 -0.173262 -153.357 -92.3623 -0.172023 -152.442 -25.9792 12.5646 -136.017 -9.73346 10.9585 -134.917 -64.4364 10.7749 -152.972 -59.4256 11.9782 -152.7 -27.4027 10.0897 -152.716 -87.6091 11.1336 -153.674 -3.17679 5.78344 -153.098 -2.98436 6.89095 -154.041 -79.619 11.0225 -134.804 -56.5877 11.3274 -136.016 -76.6654 12.4316 -135.525 -97.4607 2.99483 -139.705 -96.7963 3.03389 -147.758 -76.935 12.9766 -152.409 -96.2465 2.68202 -135.197 -97.8889 -0.151883 -137.567 -93.973 0.134109 -136.818 -91.4957 8.94202 -134.73 -82.825 11.8057 -135.405 -38.4638 13.0219 -142.894 -29.6659 13.4568 -138.738 -3.68362 3.47155 -135.767 -3.45644 5.80452 -137.154 -4.16825 0.798853 -137.183 -88.6275 9.93142 -151.608 -86.0922 10.4559 -153.057 -92.694 8.41882 -151.602 -8.72789 10.6617 -153.192 -97.5202 2.14508 -137.11 -52.0505 12.5956 -138.607 -69.8357 10.4722 -151.961 -81.2053 9.68633 -135.831 -2.61594 5.08238 -135.082 -2.9077 6.64808 -135.986 -2.49897 4.7259 -154.063 -46.7995 9.37708 -136.801 -23.5009 10.2772 -136.918 -44.6041 12.3336 -142.318 -2.05073 0.800534 -135.941 -3.49255 0.801135 -135.498 -97.4208 2.26042 -152.845 -2.62453 0.777511 -152.946 -4.54582 0.780882 -150.456 -87.3117 11.6446 -152.571 -97.0971 4.301 -152.995 -4.95261 8.61987 -135.074 -5.27128 8.29477 -137.126 -90.7977 8.69104 -135.612 -94.3507 6.50094 -134.59 -87.2336 10.7859 -135.563 -93.3162 4.91626 -152.886 -97.7579 -0.165978 -147.977 -71.6228 12.4825 -147.28 -67.4118 9.67689 -136.882 -31.7737 10.6711 -183.08 -61.3619 11.1701 -182.025 -21.8158 16.2106 -174.194 -18.4006 15.2328 -173.029 -61.7674 17.6451 -174.982 -37.0167 17.5428 -172.724 -36.4801 16.6548 -179.829 -73.4182 15.6155 -182.594 -73.9264 10.534 -163.169 -78.0347 11.5959 -160.569 -81.3073 10.8979 -162.635 -15.4542 12.2654 -186.377 -19.626 10.3096 -171.5 -19.6406 10.3375 -181.46 -17.2979 12.2111 -187.572 -83.8793 13.028 -164.364 -82.2313 15.4099 -165.806 -81.235 15.9723 -169.286 -83.4162 14.8085 -172.432 -52.0663 9.93453 -178.525 -82.8258 11.213 -170.301 -83.9257 13.1638 -171.839 -36.0601 17.1118 -168.015 -65.8381 17.4716 -170.151 -37.4561 16.1196 -164.598 -38.7313 10.4128 -163.974 -38.8794 14.0493 -162.343 -82.4076 15.1795 -182.052 -78.479 10.8968 -183.521 -84.8689 12.8607 -187.953 -18.4248 10.6705 -169.965 -16.9 12.3841 -173.608 -27.1191 11.3989 -161.572 -26.7323 12.8864 -161.213 -30.0404 15.1875 -183.365 -17.4914 13.0144 -173.723 -16.3848 12.951 -165.749 -75.597 16.4051 -164.441 -24.0717 10.1927 -182.812 -19.9079 14.4361 -185.812 -28.0534 13.0444 -184.72 -75.5216 13.0816 -160.996 -79.4177 13.0431 -159.865 -76.0602 13.7024 -160.233 -46.8837 12.9887 -183.821 -82.4158 14.5043 -185.418 -16.3164 13.8582 -165.461 -24.7731 13.1504 -160.361 -20.0573 12.834 -159.168 -18.583 13.392 -159.36 -17.1261 14.5629 -182.985 -16.7627 12.9311 -182.99 -15.7741 13.042 -186.041 -85.2548 12.2685 -185.083 -84.8437 13.5571 -179.324 -82.8779 11.0075 -180.756 -84.8587 12.7349 -179.219 -21.013 10.608 -163.29 -16.8683 11.5599 -161.931 -86.1718 13.3985 -158.442 -60.8074 12.948 -183.39 -75.4186 11.5111 -184.352 -72.4225 13.0313 -184.784 -74.121 10.3465 -164.566 -81.3783 10.5967 -174.208 -83.9633 12.1765 -172.646 -24.7425 16.3605 -179.085 -37.3298 13.1828 -162.024 -21.7446 15.5498 -163.917 -40.1206 12.949 -162.746 -84.7985 13.3311 -163.15 -84.9209 13.0273 -163.15 -82.7066 11.0277 -164.282 -60.4732 15.536 -182.11 -18.2939 14.4284 -160.606 -15.6907 13.5815 -159.062 -18.1248 11.4517 -175.278 -85.3527 13.8835 -185.245 -79.5521 13.2508 -185.74 -85.0392 13.2542 -188.172 -73.835 15.4106 -162.249 -69.0766 10.0335 -180.48 -69.6375 10.5195 -163.64 -73.8661 12.9504 -184.392 -80.1327 10.4681 -180.888 -62.3898 10.401 -179.61 -41.5655 13.0691 -162.096 -14.5501 12.9829 -158.995 -15.6122 12.4149 -158.782 -86.4593 13.136 -187.401 -14.9658 12.8571 -188.613 -17.2828 13.0138 -187.6 -21.4773 12.7528 -186.044 -24.408 13.076 -185.9 -86.0894 13.2875 -157.296 -84.5891 13.2738 -180.338 -86.5298 12.9513 -186.523 -60.0755 13.1205 -161.824 -73.8793 13.1974 -160.833 -84.7112 13.3954 -156.957 -26.8298 10.2767 -164.977 2.3624 -18.9077 -189.193 2.36238 -18.665 -9.97219 -2.31904 -18.665 -9.97219 -2.31901 -18.9077 -189.193 -2.31904 1.76723 -9.99986 -2.31901 1.52459 -189.22 2.36238 1.76723 -9.99986 2.3624 1.52459 -189.22 -100.085 -18.9077 -189.193 -95.4039 -18.9077 -189.193 -95.4039 -18.665 -9.97219 -100.085 -18.665 -9.97219 -95.4039 1.52459 -189.22 -95.4039 1.76723 -9.99986 -100.085 1.52459 -189.22 -100.085 1.76723 -9.99986 -0.766174 -1.21153 4.24944 0.766174 -1.21153 4.24944 0.766174 1.21153 4.24944 -0.766174 1.21153 4.24944 -0.766174 -1.82134 -2.1712e-07 0.766174 -1.82134 -2.1712e-07 0.766174 -1.82227 2.95156 -0.766174 -1.82227 2.95156 0.766174 1.82134 2.1712e-07 0.766174 1.82041 2.95156 -0.766174 1.82134 2.1712e-07 -0.766174 1.82041 2.95156 -96.9479 -1.21153 4.24944 -96.9479 1.21153 4.24944 -98.4803 1.21153 4.24944 -98.4803 -1.21153 4.24944 -96.9479 -1.82134 -2.1712e-07 -96.9479 -1.82227 2.95156 -98.4803 -1.82227 2.95156 -98.4803 -1.82134 -2.1712e-07 -98.4803 1.82041 2.95156 -98.4803 1.82134 2.1712e-07 -96.9479 1.82041 2.95156 -96.9479 1.82134 2.1712e-07 -0.766174 -15.6524 4.26899 -0.766174 -18.0755 4.27555 0.766174 -18.0755 4.27555 0.766174 -15.6524 4.26899 -0.766174 -15.0541 0.0179139 -0.766174 -15.0452 2.96947 0.766174 -15.0452 2.96947 0.766174 -15.0541 0.0179139 0.766174 -18.6879 2.97933 0.766174 -18.6968 0.0277773 -0.766174 -18.6879 2.97933 -0.766174 -18.6968 0.0277773 -96.9479 -15.6524 4.26899 -98.4803 -15.6524 4.26899 -98.4803 -18.0755 4.27555 -96.9479 -18.0755 4.27555 -96.9479 -15.0541 0.0179139 -98.4803 -15.0541 0.0179139 -98.4803 -15.0452 2.96947 -96.9479 -15.0452 2.96947 -98.4803 -18.6968 0.0277773 -98.4803 -18.6879 2.97933 -96.9479 -18.6968 0.0277773 -96.9479 -18.6879 2.97933 3.62811 -0.198869 0.00761899 3.62811 0.14898 0.871318 -3.59963 0.147809 0.00714883 -3.59963 -0.1977 0.871786 -101.342 -0.198869 0.00761893 -101.342 0.14898 0.871318 -94.1144 0.147809 0.00714887 -94.1144 -0.1977 0.871786 3.62811 -16.6766 0.0299261 3.62811 -17.0221 0.894564 -3.59963 -17.0233 0.0303947 -3.59963 -16.6754 0.894094 -101.342 -16.6766 0.0299262 -101.342 -17.0221 0.894564 -94.1144 -17.0233 0.0303948 -94.1144 -16.6754 0.894094 -92.7425 -18.6614 -7.30292 -4.98036 -18.6614 -7.30292 -4.98036 -18.6551 -2.62151 -92.7425 -18.6551 -2.62151 -4.98036 1.77718 -2.64917 -92.7425 1.77717 -2.64917 -4.98036 1.77084 -7.33058 -92.7425 1.77084 -7.33058 -106.922 -8.0998 -5.79792 -106.922 -8.09772 -4.26557 -106.925 -5.67467 -4.26885 -106.925 -5.67675 -5.8012 -102.672 -8.70385 -5.7971 -102.672 -8.70178 -4.26476 -105.623 -8.70671 -4.26475 -105.623 -8.70878 -5.7971 -102.677 -5.05911 -4.26969 -105.628 -5.06404 -4.26968 -102.677 -5.06118 -5.80203 -105.628 -5.06611 -5.80203 9.20324 -8.0998 -5.79792 9.20652 -5.67675 -5.8012 9.20652 -5.67467 -4.26885 9.20324 -8.09772 -4.26557 4.95297 -8.70385 -5.7971 7.90454 -8.70878 -5.79709 7.90454 -8.7067 -4.26474 4.95297 -8.70178 -4.26475 7.90946 -5.06404 -4.26968 4.9579 -5.05911 -4.26968 7.90946 -5.06611 -5.80202 4.9579 -5.06118 -5.80203 -102.682 -7.07545 -1.40503 -103.546 -6.72877 -1.4055 -102.682 -6.73856 -8.63324 -103.546 -7.08523 -8.63277 4.96278 -7.07545 -1.40501 5.82695 -6.72877 -1.40548 4.96278 -6.73856 -8.63322 5.82695 -7.08523 -8.63275 -3.96824 -39.4082 -0.97176 -3.96824 -39.419 -8.9165 3.97651 -39.419 -8.9165 3.97651 -39.4082 -0.97176 -3.65943 25.6005 -1.36857 3.6677 25.6005 -1.36857 3.6677 25.5906 -8.6957 -3.65943 25.5906 -8.6957 5.00414 -19.4074 0.0287916 -4.99586 -19.4074 0.0287916 5.00414 -19.4209 -9.9712 -4.99586 -19.4209 -9.9712 -4.99586 6.39608 -10.0061 4.40769 7.66489 -0.604303 -4.39942 7.66489 -0.604303 4.40769 7.65297 -9.4114 -4.39942 7.65297 -9.4114 4.12263 8.79713 -0.890898 -4.11436 8.79713 -0.890898 4.12263 8.78598 -9.12787 -4.11436 8.78598 -9.12787 4.12263 14.1666 -0.898166 -4.11436 14.1666 -0.898166 4.12263 14.1554 -9.13514 -4.11436 14.1554 -9.13514 5.00414 14.6999 -0.0173782 -4.99586 14.6999 -0.0173786 5.00414 14.6864 -10.0174 -4.99587 14.6864 -10.0174 5.00414 17.4828 -0.021145 -4.99586 17.4828 -0.0211455 5.00414 17.4693 -10.0211 -4.99587 17.4693 -10.0211 4.12263 17.9938 -0.903346 -4.11436 17.9938 -0.903347 4.12263 17.9826 -9.14032 -4.11436 17.9826 -9.14032 5.00414 19.8675 -0.0243731 -4.99586 19.8675 -0.0243736 5.00414 19.854 -10.0244 -4.99587 19.854 -10.0244 5.00414 23.5006 -0.0292917 -4.99586 23.5006 -0.0292917 5.00414 23.487 -10.0293 -4.99586 23.487 -10.0293 -93.7547 -39.4082 -0.971758 -101.699 -39.4082 -0.971758 -101.699 -39.419 -8.91651 -93.7547 -39.419 -8.91651 -94.0635 25.6005 -1.36857 -94.0635 25.5906 -8.6957 -101.391 25.5906 -8.6957 -101.391 25.6005 -1.36857 -92.727 -19.4074 0.0287887 -102.727 -19.4074 0.0287887 -102.727 -19.4209 -9.9712 -92.727 -19.4209 -9.9712 -92.727 6.39608 -10.0061 -102.131 7.66489 -0.6043 -93.3235 7.66489 -0.6043 -102.131 7.65297 -9.41141 -93.3235 7.65297 -9.41141 -101.846 8.79713 -0.890898 -93.6085 8.79713 -0.890898 -101.846 8.78598 -9.12787 -93.6085 8.78598 -9.12787 -101.846 14.1666 -0.898167 -93.6085 14.1666 -0.898167 -101.846 14.1554 -9.13514 -93.6085 14.1554 -9.13514 -102.727 14.6999 -0.0173763 -92.727 14.6999 -0.0173763 -102.727 14.6864 -10.0174 -92.727 14.6864 -10.0174 -102.727 17.4828 -0.0211445 -92.727 17.4828 -0.0211445 -102.727 17.4693 -10.0211 -92.727 17.4693 -10.0211 -101.846 17.9938 -0.903347 -93.6085 17.9938 -0.903347 -101.846 17.9826 -9.14032 -93.6085 17.9826 -9.14032 -102.727 19.8675 -0.0243712 -92.727 19.8675 -0.0243712 -102.727 19.854 -10.0244 -92.727 19.854 -10.0244 -102.727 23.5006 -0.0292913 -92.727 23.5006 -0.0292913 -102.727 23.487 -10.0293 -92.727 23.487 -10.0293 -0.766174 -1.2115 -203.465 -0.766174 1.21155 -203.465 0.766174 1.21155 -203.465 0.766174 -1.2115 -203.465 -0.766174 -1.82131 -199.215 -0.766174 -1.82224 -202.167 0.766174 -1.82224 -202.167 0.766174 -1.82131 -199.215 0.766174 1.82043 -202.167 0.766174 1.82136 -199.215 -0.766174 1.82043 -202.167 -0.766174 1.82136 -199.215 -96.9479 -1.2115 -203.465 -98.4803 -1.2115 -203.465 -98.4803 1.21155 -203.465 -96.9479 1.21155 -203.465 -96.9479 -1.82131 -199.215 -98.4803 -1.82131 -199.215 -98.4803 -1.82224 -202.167 -96.9479 -1.82224 -202.167 -98.4803 1.82136 -199.215 -98.4803 1.82043 -202.167 -96.9479 1.82136 -199.215 -96.9479 1.82043 -202.167 -0.766174 -15.6524 -203.484 0.766174 -15.6524 -203.484 0.766174 -18.0755 -203.491 -0.766174 -18.0755 -203.491 -0.766174 -15.0541 -199.233 0.766174 -15.0541 -199.233 0.766174 -15.0452 -202.185 -0.766174 -15.0452 -202.185 0.766174 -18.6968 -199.243 0.766174 -18.6878 -202.195 -0.766174 -18.6968 -199.243 -0.766174 -18.6878 -202.195 -96.9479 -15.6524 -203.484 -96.9479 -18.0755 -203.491 -98.4803 -18.0755 -203.491 -98.4803 -15.6524 -203.484 -96.9479 -15.0541 -199.233 -96.9479 -15.0452 -202.185 -98.4803 -15.0452 -202.185 -98.4803 -15.0541 -199.233 -98.4803 -18.6878 -202.195 -98.4803 -18.6968 -199.243 -96.9479 -18.6878 -202.195 -96.9479 -18.6968 -199.243 3.62811 -0.198845 -199.223 3.62811 0.149004 -200.087 -3.59963 0.147833 -199.222 -3.59963 -0.197676 -200.087 -101.342 -0.198845 -199.223 -101.342 0.149004 -200.087 -94.1144 0.147833 -199.222 -94.1144 -0.197676 -200.087 3.62811 -16.6766 -199.245 3.62811 -17.0221 -200.11 -3.59963 -17.0232 -199.246 -3.59963 -16.6754 -200.109 -101.342 -16.6766 -199.245 -101.342 -17.0221 -200.11 -94.1144 -17.0232 -199.246 -94.1144 -16.6754 -200.109 -92.7425 -18.6614 -191.912 -92.7425 -18.6551 -196.594 -4.98036 -18.6551 -196.594 -4.98036 -18.6614 -191.912 -92.7425 1.7772 -196.566 -4.98036 1.7772 -196.566 -92.7425 1.77086 -191.885 -4.98036 1.77086 -191.885 -106.922 -8.09977 -193.417 -106.925 -5.67672 -193.414 -106.925 -5.67465 -194.946 -106.922 -8.0977 -194.95 -102.672 -8.70383 -193.418 -105.623 -8.70876 -193.418 -105.623 -8.70668 -194.951 -102.672 -8.70176 -194.951 -105.628 -5.06401 -194.946 -102.677 -5.05909 -194.946 -105.628 -5.06609 -193.413 -102.677 -5.06116 -193.413 9.20324 -8.09977 -193.417 9.20324 -8.0977 -194.95 9.20652 -5.67465 -194.946 9.20652 -5.67672 -193.414 4.95297 -8.70383 -193.418 4.95297 -8.70175 -194.951 7.90454 -8.70668 -194.951 7.90454 -8.70876 -193.418 4.9579 -5.05909 -194.946 7.90946 -5.06401 -194.946 4.9579 -5.06116 -193.413 7.90946 -5.06609 -193.413 -102.682 -7.07543 -197.81 -103.546 -6.72875 -197.81 -102.682 -6.73853 -190.582 -103.546 -7.08521 -190.583 4.96278 -7.07543 -197.81 5.82695 -6.72875 -197.81 4.96278 -6.73853 -190.582 5.82695 -7.08521 -190.583 -3.96824 -39.4082 -198.244 3.97651 -39.4082 -198.244 3.97651 -39.419 -190.299 -3.96824 -39.419 -190.299 -3.65943 25.6006 -197.847 -3.65943 25.5906 -190.52 3.6677 25.5906 -190.52 3.6677 25.6006 -197.847 -4.99586 -19.4074 -199.244 5.00414 -19.4074 -199.244 5.00414 -19.4209 -189.244 -4.99586 -19.4209 -189.244 -4.99586 6.3961 -189.209 4.40769 7.66491 -198.611 -4.39942 7.66491 -198.611 4.40769 7.65299 -189.804 -4.39942 7.65299 -189.804 4.12263 8.79716 -198.324 -4.11436 8.79716 -198.324 4.12263 8.786 -190.087 -4.11436 8.786 -190.087 4.12263 14.1666 -198.317 -4.11436 14.1666 -198.317 4.12263 14.1554 -190.08 -4.11436 14.1554 -190.08 5.00414 14.7 -199.198 -4.99586 14.7 -199.198 5.00414 14.6864 -189.198 -4.99587 14.6864 -189.198 5.00414 17.4829 -199.194 -4.99586 17.4829 -199.194 5.00414 17.4693 -189.194 -4.99587 17.4693 -189.194 4.12263 17.9938 -198.312 -4.11436 17.9938 -198.312 4.12263 17.9827 -190.075 -4.11436 17.9827 -190.075 5.00414 19.8676 -199.191 -4.99586 19.8676 -199.191 5.00414 19.854 -189.191 -4.99587 19.854 -189.191 5.00414 23.5006 -199.186 -4.99586 23.5006 -199.186 5.00414 23.4871 -189.186 -4.99586 23.4871 -189.186 -93.7547 -39.4082 -198.244 -93.7547 -39.419 -190.299 -101.699 -39.419 -190.299 -101.699 -39.4082 -198.244 -94.0635 25.6006 -197.847 -101.391 25.6006 -197.847 -101.391 25.5906 -190.52 -94.0635 25.5906 -190.52 -102.727 -19.4074 -199.244 -92.727 -19.4074 -199.244 -102.727 -19.4209 -189.244 -92.727 -19.4209 -189.244 -92.727 6.3961 -189.209 -102.131 7.66491 -198.611 -93.3235 7.66491 -198.611 -102.131 7.65299 -189.804 -93.3235 7.65299 -189.804 -101.846 8.79716 -198.324 -93.6085 8.79716 -198.324 -101.846 8.786 -190.087 -93.6085 8.786 -190.087 -101.846 14.1666 -198.317 -93.6085 14.1666 -198.317 -101.846 14.1554 -190.08 -93.6085 14.1554 -190.08 -102.727 14.7 -199.198 -92.727 14.7 -199.198 -102.727 14.6864 -189.198 -92.727 14.6864 -189.198 -102.727 17.4829 -199.194 -92.727 17.4829 -199.194 -102.727 17.4693 -189.194 -92.727 17.4693 -189.194 -101.846 17.9938 -198.312 -93.6085 17.9938 -198.312 -101.846 17.9827 -190.075 -93.6085 17.9827 -190.075 -102.727 19.8676 -199.191 -92.727 19.8676 -199.191 -102.727 19.854 -189.191 -92.727 19.854 -189.191 -102.727 23.5006 -199.186 -92.727 23.5006 -199.186 -102.727 23.4871 -189.186 -92.727 23.4871 -189.186 -89.772 -4.18375 -8.23722 -7.80884 -4.23897 -8.53985 -91.5722 -4.50749 -16.9241 -6.3249 -4.50749 -16.9241 -6.57813 -4.69447 -187.462 -91.319 -4.69447 -187.46 -91.3189 9.46143 -7.2858 -6.57822 9.46143 -7.2858 -7.33147 10.7463 -9.06351 -90.5711 10.7472 -9.10574 -6.70797 10.7521 -51.7993 -91.4644 10.8493 -47.5466 -8.09417 10.1171 -122.728 -88.2203 9.89825 -132.865 -7.78127 9.82918 -154.374 -7.29306 10.5069 -190.826 -90.5779 10.5022 -190.948 -6.32489 -2.13895 -7.16512 -91.5723 -2.13895 -7.16512 -4.17896 -2.14095 -8.64728 -2.74834 -2.15216 -16.9273 -2.74834 -2.19387 -47.7354 -2.74834 -2.33117 -149.156 -3.10599 -2.38312 -187.531 -3.64953 9.32809 -54.764 -3.106 9.48451 -16.9431 -4.49688 9.47154 -8.72066 -5.03085 8.48887 -128.436 -4.5107 8.41262 -154.115 -3.45371 9.24754 -187.537 -87.9957 -2.3901 -192.689 -6.32489 -2.38936 -192.142 -93.5823 -2.38821 -191.289 -90.3418 9.21444 -192.243 -6.57822 9.21124 -192.093 -94.7911 -2.38312 -187.531 -95.1488 -2.33901 -154.948 -95.1488 -2.30152 -127.251 -95.1488 -2.21846 -65.8985 -95.1488 -2.15216 -16.9273 -92.8711 9.07164 -154.564 -94.4434 9.24754 -187.537 -93.4003 9.22449 -191.212 -94.3491 9.3544 -53.3727 -91.5475 8.70668 -130.452 -94.7911 9.48451 -16.9431 -4.17895 -2.38813 -191.231 -4.49687 9.22449 -191.212 -93.7182 -2.14095 -8.64728 -93.4003 9.47154 -8.72065</float_array>
                    <technique_common>
                        <accessor count="646" source="#NODE4-lib-positions-array" stride="3">
                            <param name="X" type="float" />
                            <param name="Y" type="float" />
                            <param name="Z" type="float" />
                        </accessor>
                    </technique_common>
                </source>
                <source id="NODE4-lib-uv">
                    <float_array id="NODE4-lib-uv-array" count="2186">0.67544 0.0301085 0.534291 0.0390676 0.606628 0.0491411 0.683746 0.0840197 0.678553 0.0580432 0.713986 0.0931673 0.783061 0.0286787 0.783744 0.0668128 0.409278 0.0662146 0.402554 0.0374146 0.392622 0.100393 0.404565 0.088123 0.713834 0.0235435 0.745759 0.0220659 0.735572 0.0172049 0.71985 0.0464332 0.701533 0.0290232 0.74493 0.0651633 0.46765 0.0491675 0.5396 0.0595418 0.508719 0.0487837 0.477442 0.0762292 0.538133 0.0827472 0.606961 0.0966567 0.524018 0.100397 0.607754 0.102442 0.753245 0.0719801 0.744833 0.0417371 0.730594 0.101062 0.655677 0.105209 0.732001 0.107711 0.387227 0.0857015 0.394765 0.0434275 0.35945 0.0367001 0.379542 0.0356365 0.364637 0.0220402 0.364959 0.01556 0.665731 0.0972766 0.730154 0.0967496 0.511824 0.0280693 0.531672 0.0321059 0.657163 0.0184649 0.421218 0.0369694 0.760753 0.0171878 0.757011 0.0221696 0.453702 0.110701 0.544787 0.106784 0.465668 0.105145 0.370672 0.0910924 0.371339 0.0597667 0.46364 0.0399049 0.374161 0.109045 0.359667 0.101395 0.363374 0.116403 0.405128 0.111006 0.441257 0.106731 0.615232 0.0735331 0.650649 0.0873174 0.781642 0.100742 0.764761 0.107041 0.787633 0.105808 0.416298 0.0279125 0.426943 0.0322614 0.39898 0.0276986 0.730267 0.0270991 0.368525 0.101441 0.562419 0.0927791 0.49042 0.0251563 0.446783 0.117049 0.768157 0.0950137 0.762212 0.0916226 0.765603 0.0210441 0.555555 0.118719 0.676162 0.109181 0.591344 0.0774442 0.78742 0.089773 0.786007 0.0968236 0.368541 0.0394524 0.781313 0.0180504 0.77992 0.00412756 0.422913 0.0406079 0.375728 0.0396093 0.751212 0.0961389 0.751008 0.106451 0.405714 0.117274 0.390411 0.109842 0.423421 0.107016 0.381807 0.0291321 0.357216 0.0573556 0.484885 0.0594458 0.502058 0.118377 0.269487 0.0528243 0.16376 0.0542544 0.298175 0.126609 0.312835 0.130362 0.157908 0.122457 0.242916 0.131911 0.247934 0.106819 0.120234 0.0951941 0.111006 0.200685 0.0936907 0.191929 0.0867941 0.202969 0.332838 0.0891805 0.352892 0.133517 0.353657 0.103177 0.337378 0.0826036 0.0612948 0.158859 0.0795221 0.14968 0.0850906 0.139927 0.070154 0.131969 0.197177 0.0394084 0.0428685 0.145355 0.0570481 0.136382 0.244942 0.147667 0.142167 0.137688 0.237965 0.163215 0.233139 0.204733 0.23265 0.180042 0.0827878 0.10269 0.102739 0.0617018 0.0797754 0.0824976 0.348236 0.139138 0.335551 0.128537 0.274114 0.196316 0.275479 0.185975 0.273101 0.088052 0.329359 0.128007 0.328915 0.153496 0.107118 0.155171 0.29766 0.0497518 0.309135 0.0850842 0.282187 0.071959 0.103641 0.184658 0.0881469 0.183689 0.102432 0.178527 0.215702 0.0690351 0.0857802 0.0917155 0.321108 0.154737 0.283176 0.181874 0.299744 0.182984 0.305793 0.177856 0.318403 0.0999978 0.330163 0.1001 0.328119 0.0906509 0.0778054 0.0731 0.0644821 0.109899 0.0553969 0.0937968 0.0407071 0.109519 0.054269 0.111686 0.356596 0.158753 0.3404 0.163256 0.0707923 0.174451 0.166858 0.067754 0.113814 0.065465 0.126043 0.0717973 0.0136426 0.164324 0.0355932 0.131572 0.050366 0.134373 0.288213 0.111687 0.238472 0.184895 0.294214 0.160425 0.228265 0.187722 0.0651553 0.161774 0.0599694 0.166027 0.0438421 0.164379 0.166487 0.0906609 0.306637 0.170509 0.317087 0.17527 0.343791 0.122627 0.0729523 0.0926737 0.0976174 0.0832354 0.0754654 0.0857959 0.112225 0.166865 0.322993 0.0707955 0.135137 0.0479612 0.111585 0.204353 0.126458 0.202768 0.119097 0.0744393 0.0960571 0.0535381 0.159691 0.0454425 0.222507 0.186544 0.32465 0.175054 0.315928 0.185955 0.295199 0.20558 0.310753 0.197728 0.312965 0.0461835 0.0396087 0.169127 0.0725724 0.0865706 0.325685 0.083226 0.322103 0.0792798 0.310048 0.0699378 0.296467 0.0713732 0.0739677 0.172429 0.0307399 0.11037 0.0607058 0.105447 0.0669275 0.0883372 0.331562 0.173736 0.160548 0.186017 0.110661 0.184719 0.0751874 0.175734 0.0730786 0.0812546 0.274778 0.211589 0.992306 0.989524 0.992306 0.389658 0.976636 0.389658 0.976637 0.989524 0.965491 0.989524 0.965491 0.389658 0.897103 0.389658 0.897103 0.989524 0.802456 0.987216 0.802456 0.387351 0.786787 0.387351 0.786787 0.987216 0.811509 0.389658 0.811509 0.989524 0.879898 0.989524 0.879898 0.389658 0.992306 0.989524 0.976637 0.989524 0.976636 0.389658 0.992306 0.389658 0.965491 0.989524 0.897103 0.989524 0.897103 0.389658 0.965491 0.389658 0.802456 0.987216 0.786787 0.987216 0.786787 0.387351 0.802456 0.387351 0.811509 0.389658 0.879898 0.389658 0.879898 0.989524 0.811509 0.989524 0.476797 0.270489 0.484386 0.270489 0.484386 0.258489 0.476797 0.258489 0.476797 0.29221 0.484386 0.29221 0.484386 0.277593 0.476797 0.277593 0.949075 0.0379736 0.949059 0.0259736 0.942627 0.0229577 0.92801 0.0229821 0.928034 0.0410224 0.942652 0.040998 0.484386 0.236771 0.476797 0.236771 0.476797 0.251389 0.484386 0.251389 0.866167 0.0367964 0.866183 0.0247961 0.859759 0.021772 0.845142 0.0217473 0.845118 0.0397879 0.859735 0.0398123 0.43563 0.258131 0.43563 0.270131 0.443219 0.270131 0.443219 0.258131 0.43563 0.23641 0.43563 0.251027 0.443219 0.251027 0.443219 0.23641 0.893602 0.0487828 0.887178 0.0457583 0.87256 0.045734 0.872536 0.0637743 0.887154 0.0637986 0.893585 0.0607827 0.443219 0.291849 0.443219 0.277231 0.43563 0.277231 0.43563 0.291849 0.865508 0.0479234 0.859075 0.0449072 0.844458 0.0449318 0.844482 0.0629721 0.8591 0.0629477 0.865524 0.0599234 0.46259 0.258388 0.46259 0.270388 0.470179 0.270388 0.470179 0.258388 0.46259 0.236666 0.46259 0.251284 0.470179 0.251284 0.470179 0.236666 0.948892 0.0487075 0.942468 0.0456832 0.92785 0.0456589 0.927826 0.0636995 0.942443 0.0637235 0.948875 0.0607076 0.470179 0.292106 0.470179 0.277488 0.46259 0.277488 0.46259 0.292106 0.922319 0.0259513 0.915887 0.0229355 0.901269 0.0229598 0.901294 0.0410001 0.915911 0.0409757 0.922335 0.0379518 0.449201 0.270437 0.45679 0.270437 0.45679 0.258437 0.449201 0.258437 0.449201 0.292158 0.45679 0.292158 0.45679 0.27754 0.449201 0.27754 0.83904 0.0599559 0.839024 0.0479558 0.832592 0.0449399 0.817974 0.0449643 0.817999 0.0630046 0.832616 0.0629802 0.45679 0.236719 0.449201 0.236719 0.449201 0.251337 0.45679 0.251337 0.978582 0.0613733 0.978599 0.0493725 0.972175 0.0463482 0.957557 0.0463238 0.957533 0.0643645 0.97215 0.0643888 0.472779 0.191422 0.474589 0.229162 0.480911 0.191422 0.480911 0.229162 0.466457 0.191422 0.466457 0.229162 0.414717 0.191369 0.412907 0.229108 0.406584 0.191369 0.406584 0.229108 0.42104 0.229108 0.42104 0.191369 0.432914 0.229182 0.434725 0.191442 0.441047 0.229182 0.441047 0.191442 0.426592 0.191442 0.426592 0.229182 0.515911 0.228259 0.514101 0.19052 0.507779 0.228259 0.507779 0.19052 0.522234 0.228259 0.522234 0.19052 0.988311 0.370614 0.98831 0.0768671 0.972641 0.0768671 0.972642 0.370614 0.963646 0.370808 0.963646 0.0770609 0.895257 0.0770609 0.895257 0.370808 0.807083 0.373489 0.807083 0.0797419 0.791414 0.0797419 0.791414 0.373489 0.821358 0.0781019 0.821358 0.371849 0.889747 0.371849 0.889747 0.0781019 0.518596 0.25846 0.511007 0.25846 0.511007 0.27046 0.518596 0.27046 0.518596 0.236739 0.511007 0.236739 0.511007 0.251357 0.518596 0.251357 0.922667 0.0609383 0.922651 0.0489383 0.916219 0.0459221 0.901601 0.0459468 0.901625 0.0639871 0.916243 0.063963 0.511007 0.292178 0.518596 0.292178 0.518596 0.27756 0.511007 0.27756 0.979893 0.0383726 0.979909 0.0263726 0.973485 0.0233486 0.958867 0.0233238 0.958843 0.0413641 0.973461 0.0413886 0.492151 0.258118 0.492151 0.270118 0.49974 0.270118 0.49974 0.258118 0.492151 0.236396 0.492151 0.251014 0.49974 0.251014 0.49974 0.236396 0.839083 0.0246355 0.832659 0.0216115 0.818042 0.0215872 0.818017 0.0396275 0.832635 0.0396518 0.839067 0.0366359 0.49974 0.291836 0.49974 0.277218 0.492151 0.277218 0.492151 0.291836 0.893542 0.0251524 0.88711 0.0221364 0.872492 0.0221608 0.872516 0.0402011 0.887134 0.0401767 0.893558 0.0371527 0.453302 0.191347 0.455112 0.229087 0.461435 0.191347 0.461435 0.229087 0.446979 0.191347 0.446979 0.229087 0.49349 0.228195 0.4953 0.190455 0.501622 0.228195 0.501622 0.190455 0.487167 0.190455 0.487167 0.228195 0.400255 0.130785 0.400255 0.179714 0.449183 0.179714 0.449183 0.130785 0.472502 0.181147 0.517628 0.181147 0.517628 0.136022 0.472502 0.136022 0.52726 0.214187 0.600923 0.218069 0.600965 0.181288 0.527301 0.184965 0.527758 0.251137 0.600876 0.255041 0.5278 0.221764 0.527224 0.258718 0.527183 0.287934 0.60082 0.291814 0.527353 0.148184 0.527312 0.177405 0.601016 0.144507 0.695756 0.291948 0.695975 0.14464 0.700989 0.216017 0.701035 0.183623 0.700652 0.252977 0.700698 0.220416 0.700873 0.289762 0.700919 0.257375 0.701041 0.179236 0.701087 0.146841 0.705286 0.214974 0.705329 0.184678 0.704928 0.251929 0.704972 0.221476 0.705169 0.28872 0.705213 0.258429 0.705338 0.178193 0.705381 0.147896 0.725036 0.215002 0.725078 0.184705 0.724669 0.251957 0.724713 0.221504 0.724915 0.288749 0.724959 0.258458 0.725088 0.178221 0.725131 0.147924 0.73284 0.217617 0.73284 0.180833 0.729052 0.184076 0.729052 0.214374 0.73284 0.2544 0.729052 0.220859 0.729052 0.251158 0.73284 0.291184 0.729052 0.257643 0.729052 0.287941 0.73284 0.14405 0.729052 0.147292 0.729052 0.177591 0.743076 0.217617 0.743076 0.180833 0.743076 0.2544 0.743076 0.291184 0.743076 0.14405 0.746827 0.214374 0.746827 0.184076 0.746827 0.251158 0.746827 0.220859 0.746827 0.287941 0.746827 0.257643 0.746827 0.177591 0.746827 0.147292 0.759805 0.217442 0.759805 0.180658 0.752192 0.183901 0.752192 0.214199 0.759805 0.254225 0.752192 0.220684 0.752192 0.250983 0.759805 0.291009 0.752192 0.257468 0.752192 0.287766 0.759805 0.143875 0.752192 0.147117 0.752192 0.177416 0.773169 0.217442 0.773169 0.180658 0.773169 0.254225 0.773169 0.291009 0.773169 0.143875 0.78233 0.185574 0.78233 0.212526 0.78233 0.14879 0.78233 0.175742 0.78233 0.222357 0.78233 0.249309 0.78233 0.259141 0.78233 0.286093 0.400255 0.130785 0.449183 0.130785 0.449183 0.179714 0.400255 0.179714 0.472502 0.181147 0.472502 0.136022 0.517628 0.136022 0.517628 0.181147 0.52726 0.214187 0.527301 0.184965 0.600965 0.181288 0.600923 0.218069 0.527758 0.251137 0.5278 0.221764 0.600876 0.255041 0.527224 0.258718 0.60082 0.291814 0.527183 0.287934 0.527353 0.148184 0.601016 0.144507 0.527312 0.177405 0.695756 0.291948 0.695975 0.14464 0.700989 0.216017 0.701035 0.183623 0.700652 0.252977 0.700698 0.220416 0.700873 0.289762 0.700919 0.257375 0.701041 0.179236 0.701087 0.146841 0.705286 0.214974 0.705329 0.184678 0.704928 0.251929 0.704972 0.221476 0.705169 0.28872 0.705213 0.258429 0.705338 0.178193 0.705381 0.147896 0.725036 0.215002 0.725078 0.184705 0.724669 0.251957 0.724713 0.221504 0.724915 0.288749 0.724959 0.258458 0.725088 0.178221 0.725131 0.147924 0.73284 0.217617 0.729052 0.214374 0.729052 0.184076 0.73284 0.180833 0.73284 0.2544 0.729052 0.251158 0.729052 0.220859 0.73284 0.291184 0.729052 0.287941 0.729052 0.257643 0.729052 0.177591 0.729052 0.147292 0.73284 0.14405 0.743076 0.217617 0.743076 0.180833 0.743076 0.2544 0.743076 0.291184 0.743076 0.14405 0.746827 0.214374 0.746827 0.184076 0.746827 0.251158 0.746827 0.220859 0.746827 0.287941 0.746827 0.257643 0.746827 0.177591 0.746827 0.147292 0.759805 0.217442 0.752192 0.214199 0.752192 0.183901 0.759805 0.180658 0.759805 0.254225 0.752192 0.250983 0.752192 0.220684 0.759805 0.291009 0.752192 0.287766 0.752192 0.257468 0.752192 0.177416 0.752192 0.147117 0.759805 0.143875 0.773169 0.217442 0.773169 0.180658 0.773169 0.254225 0.773169 0.291009 0.773169 0.143875 0.78233 0.185574 0.78233 0.212526 0.78233 0.14879 0.78233 0.175742 0.78233 0.222357 0.78233 0.249309 0.78233 0.259141 0.78233 0.286093 0.476797 0.270489 0.476797 0.258489 0.484386 0.258489 0.484386 0.270489 0.476797 0.29221 0.476797 0.277593 0.484386 0.277593 0.484386 0.29221 0.949075 0.0379736 0.942652 0.040998 0.928034 0.0410224 0.92801 0.0229821 0.942627 0.0229577 0.949059 0.0259736 0.484386 0.236771 0.484386 0.251389 0.476797 0.251389 0.476797 0.236771 0.866167 0.0367964 0.859735 0.0398123 0.845118 0.0397879 0.845142 0.0217473 0.859759 0.021772 0.866183 0.0247961 0.43563 0.258131 0.443219 0.258131 0.443219 0.270131 0.43563 0.270131 0.43563 0.23641 0.443219 0.23641 0.443219 0.251027 0.43563 0.251027 0.893602 0.0487828 0.893585 0.0607827 0.887154 0.0637986 0.872536 0.0637743 0.87256 0.045734 0.887178 0.0457583 0.443219 0.291849 0.43563 0.291849 0.43563 0.277231 0.443219 0.277231 0.865508 0.0479234 0.865524 0.0599234 0.8591 0.0629477 0.844482 0.0629721 0.844458 0.0449318 0.859075 0.0449072 0.46259 0.258388 0.470179 0.258388 0.470179 0.270388 0.46259 0.270388 0.46259 0.236666 0.470179 0.236666 0.470179 0.251284 0.46259 0.251284 0.948892 0.0487075 0.948875 0.0607076 0.942443 0.0637235 0.927826 0.0636995 0.92785 0.0456589 0.942468 0.0456832 0.470179 0.292106 0.46259 0.292106 0.46259 0.277488 0.470179 0.277488 0.922319 0.0259513 0.922335 0.0379518 0.915911 0.0409757 0.901294 0.0410001 0.901269 0.0229598 0.915887 0.0229355 0.449201 0.270437 0.449201 0.258437 0.45679 0.258437 0.45679 0.270437 0.449201 0.292158 0.449201 0.27754 0.45679 0.27754 0.45679 0.292158 0.83904 0.0599559 0.832616 0.0629802 0.817999 0.0630046 0.817974 0.0449643 0.832592 0.0449399 0.839024 0.0479558 0.45679 0.236719 0.45679 0.251337 0.449201 0.251337 0.449201 0.236719 0.978582 0.0613733 0.97215 0.0643888 0.957533 0.0643645 0.957557 0.0463238 0.972175 0.0463482 0.978599 0.0493725 0.472779 0.191422 0.474589 0.229162 0.480911 0.191422 0.480911 0.229162 0.466457 0.229162 0.466457 0.191422 0.414717 0.191369 0.412907 0.229108 0.406584 0.191369 0.406584 0.229108 0.42104 0.191369 0.42104 0.229108 0.432914 0.229182 0.434725 0.191442 0.441047 0.229182 0.441047 0.191442 0.426592 0.229182 0.426592 0.191442 0.515911 0.228259 0.514101 0.19052 0.507779 0.228259 0.507779 0.19052 0.522234 0.19052 0.522234 0.228259 0.988311 0.370614 0.972642 0.370614 0.972641 0.0768671 0.98831 0.0768671 0.963646 0.370808 0.895257 0.370808 0.895257 0.0770609 0.963646 0.0770609 0.807083 0.373489 0.791414 0.373489 0.791414 0.0797419 0.807083 0.0797419 0.821358 0.0781019 0.889747 0.0781019 0.889747 0.371849 0.821358 0.371849 0.518596 0.25846 0.518596 0.27046 0.511007 0.27046 0.511007 0.25846 0.518596 0.236739 0.518596 0.251357 0.511007 0.251357 0.511007 0.236739 0.922667 0.0609383 0.916243 0.063963 0.901625 0.0639871 0.901601 0.0459468 0.916219 0.0459221 0.922651 0.0489383 0.511007 0.292178 0.511007 0.27756 0.518596 0.27756 0.518596 0.292178 0.979893 0.0383726 0.973461 0.0413886 0.958843 0.0413641 0.958867 0.0233238 0.973485 0.0233486 0.979909 0.0263726 0.492151 0.258118 0.49974 0.258118 0.49974 0.270118 0.492151 0.270118 0.492151 0.236396 0.49974 0.236396 0.49974 0.251014 0.492151 0.251014 0.839083 0.0246355 0.839067 0.0366359 0.832635 0.0396518 0.818017 0.0396275 0.818042 0.0215872 0.832659 0.0216115 0.49974 0.291836 0.492151 0.291836 0.492151 0.277218 0.49974 0.277218 0.893542 0.0251524 0.893558 0.0371527 0.887134 0.0401767 0.872516 0.0402011 0.872492 0.0221608 0.88711 0.0221364 0.453302 0.191347 0.455112 0.229087 0.461435 0.191347 0.461435 0.229087 0.446979 0.229087 0.446979 0.191347 0.49349 0.228195 0.4953 0.190455 0.501622 0.228195 0.501622 0.190455 0.487167 0.228195 0.487167 0.190455 0.400255 0.130785 0.449183 0.130785 0.449183 0.179714 0.400255 0.179714 0.472502 0.181147 0.472502 0.136022 0.517628 0.136022 0.517628 0.181147 0.52726 0.214187 0.527301 0.184965 0.600965 0.181288 0.600923 0.218069 0.527758 0.251137 0.5278 0.221764 0.600876 0.255041 0.527224 0.258718 0.60082 0.291814 0.527183 0.287934 0.527353 0.148184 0.601016 0.144507 0.527312 0.177405 0.695756 0.291948 0.695975 0.14464 0.700989 0.216017 0.701035 0.183623 0.700652 0.252977 0.700698 0.220416 0.700873 0.289762 0.700919 0.257375 0.701041 0.179236 0.701087 0.146841 0.705286 0.214974 0.705329 0.184678 0.704928 0.251929 0.704972 0.221476 0.705169 0.28872 0.705213 0.258429 0.705338 0.178193 0.705381 0.147896 0.725036 0.215002 0.725078 0.184705 0.724669 0.251957 0.724713 0.221504 0.724915 0.288749 0.724959 0.258458 0.725088 0.178221 0.725131 0.147924 0.73284 0.217617 0.729052 0.214374 0.729052 0.184076 0.73284 0.180833 0.73284 0.2544 0.729052 0.251158 0.729052 0.220859 0.73284 0.291184 0.729052 0.287941 0.729052 0.257643 0.729052 0.177591 0.729052 0.147292 0.73284 0.14405 0.743076 0.217617 0.743076 0.180833 0.743076 0.2544 0.743076 0.291184 0.743076 0.14405 0.746827 0.214374 0.746827 0.184076 0.746827 0.251158 0.746827 0.220859 0.746827 0.287941 0.746827 0.257643 0.746827 0.177591 0.746827 0.147292 0.759805 0.217442 0.752192 0.214199 0.752192 0.183901 0.759805 0.180658 0.759805 0.254225 0.752192 0.250983 0.752192 0.220684 0.759805 0.291009 0.752192 0.287766 0.752192 0.257468 0.752192 0.177416 0.752192 0.147117 0.759805 0.143875 0.773169 0.217442 0.773169 0.180658 0.773169 0.254225 0.773169 0.291009 0.773169 0.143875 0.78233 0.185574 0.78233 0.212526 0.78233 0.14879 0.78233 0.175742 0.78233 0.222357 0.78233 0.249309 0.78233 0.259141 0.78233 0.286093 0.400255 0.130785 0.400255 0.179714 0.449183 0.179714 0.449183 0.130785 0.472502 0.181147 0.517628 0.181147 0.517628 0.136022 0.472502 0.136022 0.52726 0.214187 0.600923 0.218069 0.600965 0.181288 0.527301 0.184965 0.527758 0.251137 0.600876 0.255041 0.5278 0.221764 0.527224 0.258718 0.527183 0.287934 0.60082 0.291814 0.527353 0.148184 0.527312 0.177405 0.601016 0.144507 0.695756 0.291948 0.695975 0.14464 0.700989 0.216017 0.701035 0.183623 0.700652 0.252977 0.700698 0.220416 0.700873 0.289762 0.700919 0.257375 0.701041 0.179236 0.701087 0.146841 0.705286 0.214974 0.705329 0.184678 0.704928 0.251929 0.704972 0.221476 0.705169 0.28872 0.705213 0.258429 0.705338 0.178193 0.705381 0.147896 0.725036 0.215002 0.725078 0.184705 0.724669 0.251957 0.724713 0.221504 0.724915 0.288749 0.724959 0.258458 0.725088 0.178221 0.725131 0.147924 0.73284 0.217617 0.73284 0.180833 0.729052 0.184076 0.729052 0.214374 0.73284 0.2544 0.729052 0.220859 0.729052 0.251158 0.73284 0.291184 0.729052 0.257643 0.729052 0.287941 0.73284 0.14405 0.729052 0.147292 0.729052 0.177591 0.743076 0.217617 0.743076 0.180833 0.743076 0.2544 0.743076 0.291184 0.743076 0.14405 0.746827 0.214374 0.746827 0.184076 0.746827 0.251158 0.746827 0.220859 0.746827 0.287941 0.746827 0.257643 0.746827 0.177591 0.746827 0.147292 0.759805 0.217442 0.759805 0.180658 0.752192 0.183901 0.752192 0.214199 0.759805 0.254225 0.752192 0.220684 0.752192 0.250983 0.759805 0.291009 0.752192 0.257468 0.752192 0.287766 0.759805 0.143875 0.752192 0.147117 0.752192 0.177416 0.773169 0.217442 0.773169 0.180658 0.773169 0.254225 0.773169 0.291009 0.773169 0.143875 0.78233 0.185574 0.78233 0.212526 0.78233 0.14879 0.78233 0.175742 0.78233 0.222357 0.78233 0.249309 0.78233 0.259141 0.78233 0.286093 0.752623 0.977464 0.449425 0.978149 0.757505 0.947324 0.443666 0.948742 0.441501 0.320057 0.753751 0.318655 0.0548197 0.948334 0.365213 0.945177 0.357784 0.936168 0.0636696 0.939139 0.358536 0.785101 0.0590541 0.803082 0.351092 0.53452 0.0679957 0.501191 0.350995 0.422852 0.349038 0.293675 0.0667408 0.295165 0.443251 0.986079 0.759775 0.984852 0.364698 0.987171 0.0561885 0.990308 0.434414 0.980614 0.427828 0.949355 0.427174 0.83535 0.425274 0.461345 0.426211 0.318913 0.413263 0.906966 0.40994 0.798105 0.369278 0.774474 0.372895 0.908303 0.370832 0.937827 0.41402 0.936662 0.414072 0.945881 0.400184 0.439686 0.363003 0.514097 0.362413 0.423525 0.39672 0.304048 0.361823 0.305083 0.741876 0.297389 0.439719 0.300889 0.763573 0.30312 0.0650635 0.231489 0.0573017 0.284771 0.350847 0.282822 0.349194 0.230509 0.0178354 0.272501 0.0161729 0.292946 0.769033 0.317469 0.771178 0.438382 0.771607 0.540569 0.772621 0.766777 0.773298 0.947661 0.0165961 0.307091 0.0149086 0.422311 0.0531762 0.424492 0.0509855 0.307851 0.0538596 0.294876 0.0088797 0.737198 0.0482069 0.782469 0.054991 0.509744 0.013207 0.52025 0.00485618 0.910369 0.0466091 0.911521 0.431197 0.304706 0.360155 0.289308 0.396265 0.290432 0.395832 0.282201 0.767494 0.978548 0.0490811 0.941068 0.00432146 0.940087 0.00433934 0.949312</float_array>
                    <technique_common>
                        <accessor count="1093" source="#NODE4-lib-uv-array" stride="2">
                            <param name="S" type="float" />
                            <param name="T" type="float" />
                        </accessor>
                    </technique_common>
                </source>
                <vertices id="NODE4-lib-vertices">
                    <input semantic="POSITION" source="#NODE4-lib-positions" />
                </vertices>
                <triangles count="1078" material="MAT">
                    <input offset="0" semantic="VERTEX" source="#NODE4-lib-vertices" set="0" />
                    <input offset="1" semantic="TEXCOORD" source="#NODE4-lib-uv" set="0" />
                    <p>0 0 1 1 2 2 8 8 9 9 10 10 10 10 11 11 8 8 12 12 13 13 14 14 15 15 16 16 4 4 4 4 17 17 15 15 8 8 11 11 18 18 19 19 20 20 21 21 21 21 22 22 19 19 23 23 24 24 25 25 17 17 26 26 27 27 28 28 29 29 30 30 31 31 9 9 32 32 33 33 34 34 35 35 35 35 36 36 33 33 37 37 25 25 29 29 29 29 38 38 37 37 41 41 39 39 40 40 40 40 12 12 41 41 14 14 41 41 12 12 0 0 40 40 1 1 43 43 14 14 13 13 13 13 44 44 43 43 18 18 11 11 21 21 46 46 47 47 45 45 31 31 49 49 48 48 40 40 42 42 50 50 50 50 1 1 40 40 51 51 52 52 53 53 54 54 45 45 55 55 55 55 45 45 47 47 56 56 57 57 4 4 25 25 37 37 23 23 59 59 60 60 58 58 62 62 39 39 61 61 9 9 42 42 61 61 61 61 63 63 9 9 51 51 10 10 65 65 52 52 51 51 65 65 66 66 22 22 24 24 24 24 23 23 66 66 41 41 67 67 39 39 45 45 54 54 68 68 7 7 70 70 69 69 34 34 9 9 63 63 45 45 72 72 46 46 19 19 74 74 2 2 56 56 74 74 23 23 23 23 57 57 56 56 0 0 2 2 4 4 47 47 24 24 22 22 22 22 21 21 47 47 21 21 11 11 55 55 55 55 47 47 21 21 72 72 45 45 90 90 68 68 90 90 45 45 17 17 4 4 3 3 3 3 5 5 17 17 37 37 38 38 5 5 15 15 17 17 27 27 13 13 12 12 64 64 20 20 19 19 1 1 2 2 1 1 19 19 78 78 79 79 43 43 80 80 50 50 42 42 77 77 81 81 34 34 34 34 33 33 77 77 81 81 32 32 34 34 69 69 82 82 83 83 83 83 59 59 69 69 53 53 84 84 85 85 85 85 51 51 53 53 84 84 68 68 54 54 78 78 43 43 71 71 1 1 50 50 20 20 80 80 18 18 50 50 86 86 10 10 54 54 51 51 85 85 10 10 3 3 57 57 37 37 37 37 5 5 3 3 57 57 23 23 37 37 70 70 7 7 6 6 6 6 44 44 70 70 44 44 6 6 71 71 82 82 70 70 26 26 26 26 17 17 82 82 5 5 82 82 17 17 8 8 18 18 80 80 34 34 63 63 87 87 88 88 49 49 77 77 32 32 49 49 31 31 12 12 0 0 16 16 16 16 64 64 12 12 69 69 76 76 75 75 46 46 25 25 24 24 72 72 29 29 46 46 39 39 62 62 42 42 42 42 40 40 39 39 54 54 10 10 85 85 54 54 85 85 84 84 82 82 28 28 83 83 9 9 8 8 80 80 9 9 80 80 42 42 82 82 5 5 38 38 81 81 77 77 49 49 19 19 66 66 74 74 29 29 25 25 46 46 47 47 46 46 24 24 82 82 69 69 70 70 16 16 15 15 64 64 15 15 27 27 64 64 10 10 48 48 65 65 48 48 52 52 65 65 0 0 4 4 16 16 57 57 3 3 4 4 89 89 18 18 21 21 86 86 11 11 10 10 9 9 34 34 32 32 22 22 66 66 19 19 52 52 48 48 88 88 74 74 56 56 2 2 10 10 9 9 31 31 48 48 10 10 31 31 34 34 36 36 35 35 73 73 30 30 29 29 58 58 60 60 76 76 89 89 20 20 18 18 18 18 20 20 50 50 28 28 38 38 29 29 82 82 38 38 28 28 44 44 27 27 26 26 26 26 70 70 44 44 30 30 83 83 28 28 55 55 11 11 86 86 44 44 71 71 43 43 66 66 23 23 74 74 77 77 33 33 88 88 72 72 73 73 29 29 13 13 27 27 44 44 36 36 34 34 87 87 59 59 58 58 69 69 88 88 48 48 49 49 56 56 4 4 2 2 7 7 69 69 75 75 71 71 6 6 78 78 13 13 64 64 27 27 20 20 89 89 21 21 62 62 61 61 42 42 54 54 55 55 86 86 12 12 40 40 0 0 32 32 81 81 49 49 58 58 76 76 69 69 61 61 39 39 67 67 95 95 96 96 97 97 97 97 98 98 95 95 99 99 100 100 185 192 185 192 101 101 99 99 99 99 177 180 189 198 102 102 103 103 104 104 104 104 105 105 102 102 106 106 107 107 108 108 108 108 109 109 106 106 91 91 104 185 110 110 110 110 92 92 91 91 111 111 106 106 112 112 113 113 114 114 115 115 177 180 99 99 116 116 117 117 188 197 177 180 118 118 95 95 98 98 169 170 119 119 120 120 122 122 179 196 121 121 94 94 127 127 126 126 128 128 115 115 114 114 184 191 129 129 91 91 125 125 130 130 131 131 100 100 132 132 133 133 133 133 185 192 100 100 190 199 134 134 128 128 125 125 131 131 135 135 136 136 98 98 153 154 138 138 139 139 140 140 141 141 142 142 143 143 120 120 119 119 144 144 118 118 145 145 109 109 109 109 108 108 118 118 144 146 146 147 147 148 148 149 103 103 121 121 121 121 149 150 148 149 107 107 128 128 114 114 114 114 108 108 107 107 151 152 92 92 152 153 152 153 153 154 151 152 154 155 111 111 155 156 155 156 111 111 156 157 157 158 97 97 96 96 158 159 138 138 115 115 160 161 116 116 123 123 123 123 124 124 160 161 107 107 161 162 150 151 162 163 111 111 163 164 163 164 185 192 162 163 94 94 126 126 141 141 114 114 113 113 96 96 96 96 95 95 114 114 98 98 164 165 151 152 151 152 153 154 98 98 179 196 122 122 127 127 137 137 94 94 165 166 165 166 166 167 137 137 103 103 102 102 167 168 118 118 168 169 145 145 169 170 170 171 136 136 156 157 112 112 147 148 171 172 115 115 128 128 171 172 128 128 134 134 172 174 152 153 92 92 92 92 151 152 135 135 135 135 91 91 92 92 129 129 184 191 105 173 93 93 96 96 113 113 113 113 159 160 93 93 99 99 101 101 154 175 99 99 173 176 116 116 123 123 179 182 124 124 99 99 189 198 132 132 189 198 171 172 134 134 95 95 118 118 114 114 152 153 169 170 174 177 136 136 153 154 169 170 119 119 172 174 175 178 175 178 144 144 119 119 157 158 141 141 130 130 130 130 97 97 157 158 157 158 93 93 141 141 141 141 126 126 142 142 142 142 122 122 167 168 167 168 143 143 142 142 115 115 165 166 159 160 176 179 172 174 92 92 160 161 138 138 158 159 177 180 116 116 160 161 131 131 91 91 135 135 116 116 191 201 148 183 149 184 179 182 148 183 104 185 129 129 105 173 101 186 111 111 154 155 180 187 169 170 120 120 98 98 136 136 118 118 168 169 118 118 136 136 109 109 112 112 106 106 109 109 145 145 112 112 130 130 141 141 181 188 181 188 182 189 130 130 183 190 184 191 130 130 183 190 105 173 184 191 122 122 142 142 126 126 134 134 190 199 133 133 165 166 115 115 138 138 177 180 160 161 117 117 162 163 185 192 106 106 97 97 130 130 125 125 125 125 164 165 97 97 141 141 143 143 181 188 128 128 107 107 190 199 155 156 146 147 175 193 186 194 145 145 168 169 168 169 180 187 186 194 180 187 170 171 169 170 104 185 91 91 129 129 186 194 187 195 144 146 144 146 147 148 186 194 186 194 147 148 112 112 166 167 178 181 127 127 127 127 137 137 166 167 137 137 127 127 94 94 99 99 154 175 173 176 186 194 112 112 145 145 93 93 94 94 141 141 169 170 152 153 119 119 152 153 172 174 119 119 127 127 122 122 126 126 167 168 121 121 103 103 168 169 136 136 170 171 180 187 168 169 170 171 127 127 178 181 179 196 93 93 157 158 96 96 188 197 189 198 177 180 188 197 171 172 189 198 174 177 169 170 153 154 153 154 152 153 174 177 107 107 150 151 190 199 190 199 185 192 133 133 179 182 140 140 139 139 132 132 189 198 134 134 132 132 134 134 133 133 92 92 110 110 176 179 181 188 102 102 105 105 171 172 188 197 115 115 116 116 173 176 191 201 138 138 124 124 139 139 138 138 160 161 124 124 108 108 114 114 118 118 132 132 100 100 99 99 162 163 106 106 111 111 120 120 144 144 187 200 187 200 180 187 120 120 180 187 187 195 186 194 144 146 175 193 146 147 102 102 181 188 143 143 121 121 167 168 122 122 182 189 183 190 130 130 181 188 183 190 182 189 94 94 93 93 159 160 159 160 165 166 94 94 163 164 101 186 185 192 111 111 101 186 163 164 185 192 161 162 106 106 107 107 106 106 161 162 156 157 111 111 112 112 166 167 140 140 178 181 160 161 158 159 117 117 117 117 158 159 115 115 149 150 121 121 179 196 164 165 125 125 135 135 135 135 151 152 164 165 115 115 159 160 113 113 138 138 140 140 165 166 166 167 165 166 140 140 179 182 139 139 124 124 131 131 184 191 91 91 179 182 123 123 148 183 178 181 140 140 179 182 150 151 185 192 190 199 185 192 150 151 161 162 181 188 105 173 183 190 123 123 116 116 148 183 167 168 102 102 143 143 188 197 117 117 115 115 156 157 147 148 146 147 146 147 155 156 156 157 97 97 164 165 98 98 131 131 130 130 184 191 192 202 193 203 194 204 194 204 195 205 192 202 195 206 194 207 196 208 196 208 197 209 195 206 197 210 196 211 198 212 198 212 199 213 197 210 199 214 198 215 193 216 193 216 192 217 199 214 200 218 201 219 202 220 202 220 203 221 200 218 201 222 204 223 205 224 205 224 202 225 201 222 204 226 206 227 207 228 207 228 205 229 204 226 206 230 200 231 203 232 203 232 207 233 206 230 208 234 209 235 210 236 210 236 211 237 208 234 212 238 213 239 214 240 214 240 215 241 212 238 210 242 209 243 214 244 210 242 214 244 213 245 210 242 213 245 216 246 210 242 216 246 217 247 216 248 218 249 219 250 219 250 217 251 216 248 208 252 211 253 219 254 208 252 219 254 218 255 208 252 218 255 212 256 208 252 212 256 215 257 208 234 215 241 214 240 214 240 209 235 208 234 210 236 217 251 219 250 219 250 211 237 210 236 220 258 221 259 222 260 222 260 223 261 220 258 224 262 225 263 226 264 226 264 227 265 224 262 222 266 228 267 229 268 222 266 229 268 227 269 222 266 227 269 226 270 222 266 226 270 223 271 229 272 228 273 230 274 230 274 231 275 229 272 220 276 225 277 224 278 220 276 224 278 231 279 220 276 231 279 230 280 220 276 230 280 221 281 220 258 223 261 226 264 226 264 225 263 220 258 222 260 221 259 230 274 230 274 228 273 222 260 232 282 233 283 234 284 234 284 235 285 232 282 236 286 237 287 238 288 238 288 239 289 236 286 234 290 240 291 241 292 234 290 241 292 239 293 234 290 239 293 238 294 234 290 238 294 235 295 241 296 240 297 242 298 242 298 243 299 241 296 232 300 237 301 236 302 232 300 236 302 243 303 232 300 243 303 242 304 232 300 242 304 233 305 232 282 235 285 238 288 238 288 237 287 232 282 234 284 233 283 242 298 242 298 240 297 234 284 244 306 245 307 246 308 246 308 247 309 244 306 248 310 249 311 250 312 250 312 251 313 248 310 246 314 245 315 250 316 246 314 250 316 249 317 246 314 249 317 252 318 246 314 252 318 253 319 252 320 254 321 255 322 255 322 253 323 252 320 244 324 247 325 255 326 244 324 255 326 254 327 244 324 254 327 248 328 244 324 248 328 251 329 244 306 251 313 250 312 250 312 245 307 244 306 246 308 253 323 255 322 255 322 247 309 246 308 256 332 257 330 259 331 259 331 258 333 256 332 257 330 256 334 258 335 258 335 259 331 257 330 260 338 262 339 263 337 263 337 261 336 260 338 261 336 263 337 262 340 262 340 260 341 261 336 264 344 266 345 267 343 267 343 265 342 264 344 265 342 267 343 266 346 266 346 264 347 265 342 268 350 269 348 271 349 271 349 270 351 268 350 269 348 268 352 270 353 270 353 271 349 269 348 272 354 273 355 274 356 274 356 275 357 272 354 275 358 274 359 276 360 276 360 277 361 275 358 277 362 276 363 278 364 278 364 279 365 277 362 279 366 278 367 273 368 273 368 272 369 279 366 280 370 281 371 282 372 282 372 283 373 280 370 284 374 285 375 286 376 286 376 287 377 284 374 282 378 281 379 286 380 282 378 286 380 285 381 282 378 285 381 288 382 282 378 288 382 289 383 288 384 290 385 291 386 291 386 289 387 288 384 280 388 283 389 291 390 280 388 291 390 290 391 280 388 290 391 284 392 280 388 284 392 287 393 280 370 287 377 286 376 286 376 281 371 280 370 282 372 289 387 291 386 291 386 283 373 282 372 292 394 293 395 294 396 294 396 295 397 292 394 296 398 297 399 298 400 298 400 299 401 296 398 294 402 300 403 301 404 294 402 301 404 299 405 294 402 299 405 298 406 294 402 298 406 295 407 301 408 300 409 302 410 302 410 303 411 301 408 292 412 297 413 296 414 292 412 296 414 303 415 292 412 303 415 302 416 292 412 302 416 293 417 292 394 295 397 298 400 298 400 297 399 292 394 294 396 293 395 302 410 302 410 300 409 294 396 304 420 305 418 307 419 307 419 306 421 304 420 305 418 304 422 306 423 306 423 307 419 305 418 308 426 310 427 311 425 311 425 309 424 308 426 309 424 311 425 310 428 310 428 308 429 309 424 312 430 313 431 314 432 314 432 315 433 312 430 316 434 317 435 318 436 318 436 319 437 316 434 315 438 320 439 321 440 321 440 312 441 315 438 314 442 322 443 320 439 320 439 315 444 314 442 314 445 313 446 323 447 323 447 322 443 314 445 313 448 312 449 321 440 321 440 323 450 313 448 320 439 325 453 326 459 326 459 321 440 320 439 322 443 327 455 325 453 325 453 320 439 322 443 323 447 324 451 327 455 327 455 322 443 323 447 326 459 324 452 323 450 323 450 321 440 326 459 327 455 324 451 328 457 326 459 328 460 324 452 329 461 330 462 326 454 326 454 325 453 329 461 331 463 329 464 325 456 325 456 327 455 331 463 332 465 331 466 327 458 327 458 328 457 332 465 330 467 332 468 328 460 328 460 326 459 330 467 333 469 334 470 330 462 330 462 329 461 333 469 335 471 333 472 329 464 329 464 331 463 335 471 336 473 335 474 331 466 331 466 332 465 336 473 334 475 336 476 332 468 332 468 330 467 334 475 337 477 338 478 334 479 334 479 333 480 337 477 339 481 337 477 333 482 333 482 335 483 339 481 340 484 339 481 335 485 335 485 336 486 340 484 338 478 340 487 336 488 336 488 334 489 338 478 341 490 342 491 338 478 338 478 337 477 341 490 343 492 341 490 337 477 337 477 339 481 343 492 344 493 343 492 339 481 339 481 340 484 344 493 342 491 344 494 340 487 340 487 338 478 342 491 345 495 346 496 342 491 342 491 341 490 345 495 347 497 345 498 341 490 341 490 343 492 347 497 348 499 347 500 343 492 343 492 344 493 348 499 346 501 348 502 344 494 344 494 342 491 346 501 349 503 350 504 346 505 346 505 345 506 349 503 351 507 349 503 345 508 345 508 347 509 351 507 352 510 351 507 347 511 347 511 348 512 352 510 350 504 352 513 348 514 348 514 346 515 350 504 353 516 354 517 350 504 350 504 349 503 353 516 355 518 353 516 349 503 349 503 351 507 355 518 352 510 356 519 355 518 355 518 351 507 352 510 350 504 354 517 356 520 356 520 352 513 350 504 316 521 354 517 353 516 353 516 317 522 316 521 319 523 356 520 354 517 354 517 316 524 319 523 317 525 353 516 355 518 355 518 318 526 317 525 318 527 355 518 356 519 356 519 319 528 318 527 357 529 358 530 359 531 359 531 360 532 357 529 361 533 362 534 363 535 363 535 364 536 361 533 358 537 357 538 365 539 365 539 366 540 358 537 359 541 358 542 366 540 366 540 367 543 359 541 359 544 367 543 368 545 368 545 360 546 359 544 360 547 368 548 365 539 365 539 357 549 360 547 366 540 365 539 371 558 371 558 370 552 366 540 367 543 366 540 370 552 370 552 372 557 367 543 368 545 367 543 372 557 372 557 369 550 368 545 371 558 365 539 368 548 368 548 369 551 371 558 373 556 369 550 372 557 369 551 373 559 371 558 374 560 370 552 371 553 371 553 375 561 374 560 376 562 372 554 370 555 370 555 374 563 376 562 377 564 373 556 372 557 372 557 376 565 377 564 375 566 371 558 373 559 373 559 377 567 375 566 378 568 374 560 375 561 375 561 379 569 378 568 380 570 376 562 374 563 374 563 378 571 380 570 381 572 377 564 376 565 376 565 380 573 381 572 379 574 375 566 377 567 377 567 381 575 379 574 382 576 378 577 379 578 379 578 383 579 382 576 384 580 380 581 378 582 378 582 382 576 384 580 385 583 381 584 380 585 380 585 384 580 385 583 383 579 379 586 381 587 381 587 385 588 383 579 386 589 382 576 383 579 383 579 387 590 386 589 388 591 384 580 382 576 382 576 386 589 388 591 389 592 385 583 384 580 384 580 388 591 389 592 387 590 383 579 385 588 385 588 389 593 387 590 390 594 386 589 387 590 387 590 391 595 390 594 392 596 388 591 386 589 386 589 390 597 392 596 393 598 389 592 388 591 388 591 392 599 393 598 391 600 387 590 389 593 389 593 393 601 391 600 394 602 390 603 391 604 391 604 395 605 394 602 396 606 392 607 390 608 390 608 394 602 396 606 397 609 393 610 392 611 392 611 396 606 397 609 395 605 391 612 393 613 393 613 397 614 395 605 398 615 394 602 395 605 395 605 399 616 398 615 400 617 396 606 394 602 394 602 398 615 400 617 397 609 396 606 400 617 400 617 401 618 397 609 395 605 397 614 401 619 401 619 399 616 395 605 361 620 364 621 398 615 398 615 399 616 361 620 362 622 361 623 399 616 399 616 401 619 362 622 364 624 363 625 400 617 400 617 398 615 364 624 363 626 362 627 401 618 401 618 400 617 363 626 402 628 403 629 404 630 404 630 405 631 402 628 406 632 407 633 408 634 408 634 409 635 406 632 404 636 410 637 411 638 404 636 411 638 409 639 404 636 409 639 408 640 404 636 408 640 405 641 411 642 410 643 412 644 412 644 413 645 411 642 402 646 407 647 406 648 402 646 406 648 413 649 402 646 413 649 412 650 402 646 412 650 403 651 402 628 405 631 408 634 408 634 407 633 402 628 404 630 403 629 412 644 412 644 410 643 404 630 414 652 415 653 416 654 416 654 417 655 414 652 418 656 419 657 420 658 420 658 421 659 418 656 416 660 415 661 420 662 416 660 420 662 419 663 416 660 419 663 422 664 416 660 422 664 423 665 422 666 424 667 425 668 425 668 423 669 422 666 414 670 417 671 425 672 414 670 425 672 424 673 414 670 424 673 418 674 414 670 418 674 421 675 414 652 421 659 420 658 420 658 415 653 414 652 416 654 423 669 425 668 425 668 417 655 416 654 426 676 427 677 428 678 428 678 429 679 426 676 430 680 431 681 432 682 432 682 433 683 430 680 428 684 427 685 432 686 428 684 432 686 431 687 428 684 431 687 434 688 428 684 434 688 435 689 434 690 436 691 437 692 437 692 435 693 434 690 426 694 429 695 437 696 426 694 437 696 436 697 426 694 436 697 430 698 426 694 430 698 433 699 426 676 433 683 432 682 432 682 427 677 426 676 428 678 435 693 437 692 437 692 429 679 428 678 438 700 439 701 440 702 440 702 441 703 438 700 442 704 443 705 444 706 444 706 445 707 442 704 440 708 446 709 447 710 440 708 447 710 445 711 440 708 445 711 444 712 440 708 444 712 441 713 447 714 446 715 448 716 448 716 449 717 447 714 438 718 443 719 442 720 438 718 442 720 449 721 438 718 449 721 448 722 438 718 448 722 439 723 438 700 441 703 444 706 444 706 443 705 438 700 440 702 439 701 448 716 448 716 446 715 440 702 450 726 452 727 453 725 453 725 451 724 450 726 451 724 453 725 452 728 452 728 450 729 451 724 454 732 455 730 457 731 457 731 456 733 454 732 455 730 454 734 456 735 456 735 457 731 455 730 458 738 459 736 461 737 461 737 460 739 458 738 459 736 458 740 460 741 460 741 461 737 459 736 462 744 464 745 465 743 465 743 463 742 462 744 463 742 465 743 464 746 464 746 462 747 463 742 466 748 467 749 468 750 468 750 469 751 466 748 467 752 470 753 471 754 471 754 468 755 467 752 470 756 472 757 473 758 473 758 471 759 470 756 472 760 466 761 469 762 469 762 473 763 472 760 474 764 475 765 476 766 476 766 477 767 474 764 478 768 479 769 480 770 480 770 481 771 478 768 476 772 482 773 483 774 476 772 483 774 481 775 476 772 481 775 480 776 476 772 480 776 477 777 483 778 482 779 484 780 484 780 485 781 483 778 474 782 479 783 478 784 474 782 478 784 485 785 474 782 485 785 484 786 474 782 484 786 475 787 474 764 477 767 480 770 480 770 479 769 474 764 476 766 475 765 484 780 484 780 482 779 476 766 486 788 487 789 488 790 488 790 489 791 486 788 490 792 491 793 492 794 492 794 493 795 490 792 488 796 487 797 492 798 488 796 492 798 491 799 488 796 491 799 494 800 488 796 494 800 495 801 494 802 496 803 497 804 497 804 495 805 494 802 486 806 489 807 497 808 486 806 497 808 496 809 486 806 496 809 490 810 486 806 490 810 493 811 486 788 493 795 492 794 492 794 487 789 486 788 488 790 495 805 497 804 497 804 489 791 488 790 498 814 500 815 501 813 501 813 499 812 498 814 499 812 501 813 500 816 500 816 498 817 499 812 502 820 503 818 505 819 505 819 504 821 502 820 503 818 502 822 504 823 504 823 505 819 503 818 506 824 507 825 508 826 508 826 509 827 506 824 510 828 511 829 512 830 512 830 513 831 510 828 507 832 506 833 514 834 514 834 515 835 507 832 508 836 507 837 515 835 515 835 516 838 508 836 508 839 516 838 517 840 517 840 509 841 508 839 509 842 517 843 514 834 514 834 506 844 509 842 515 835 514 834 520 853 520 853 519 847 515 835 516 838 515 835 519 847 519 847 521 849 516 838 517 840 516 838 521 849 521 849 518 845 517 840 520 853 514 834 517 843 517 843 518 846 520 853 522 851 518 845 521 849 518 846 522 854 520 853 523 855 519 847 520 848 520 848 524 856 523 855 525 857 521 849 519 850 519 850 523 858 525 857 526 859 522 851 521 852 521 852 525 860 526 859 524 861 520 853 522 854 522 854 526 862 524 861 527 863 523 855 524 856 524 856 528 864 527 863 529 865 525 857 523 858 523 858 527 866 529 865 530 867 526 859 525 860 525 860 529 868 530 867 528 869 524 861 526 862 526 862 530 870 528 869 531 871 527 872 528 873 528 873 532 874 531 871 533 875 529 876 527 877 527 877 531 871 533 875 534 878 530 879 529 880 529 880 533 875 534 878 532 874 528 881 530 882 530 882 534 883 532 874 535 884 531 871 532 874 532 874 536 885 535 884 537 886 533 875 531 871 531 871 535 884 537 886 538 887 534 878 533 875 533 875 537 886 538 887 536 885 532 874 534 883 534 883 538 888 536 885 539 889 535 884 536 885 536 885 540 890 539 889 541 891 537 886 535 884 535 884 539 892 541 891 542 893 538 887 537 886 537 886 541 894 542 893 540 895 536 885 538 888 538 888 542 896 540 895 543 897 539 898 540 899 540 899 544 900 543 897 545 901 541 902 539 903 539 903 543 897 545 901 546 904 542 905 541 906 541 906 545 901 546 904 544 900 540 907 542 908 542 908 546 909 544 900 547 910 543 897 544 900 544 900 548 911 547 910 549 912 545 901 543 897 543 897 547 910 549 912 546 904 545 901 549 912 549 912 550 913 546 904 544 900 546 909 550 914 550 914 548 911 544 900 510 915 513 916 547 910 547 910 548 911 510 915 511 917 510 918 548 911 548 911 550 914 511 917 513 919 512 920 549 912 549 912 547 910 513 919 512 921 511 922 550 913 550 913 549 912 512 921 551 923 552 924 553 925 553 925 554 926 551 923 555 927 556 928 557 929 557 929 558 930 555 927 554 931 559 932 560 933 560 933 551 934 554 931 553 935 561 936 559 932 559 932 554 937 553 935 553 938 552 939 562 940 562 940 561 936 553 938 552 941 551 942 560 933 560 933 562 943 552 941 559 932 564 946 565 952 565 952 560 933 559 932 561 936 566 948 564 946 564 946 559 932 561 936 562 940 563 944 566 948 566 948 561 936 562 940 565 952 563 945 562 943 562 943 560 933 565 952 566 948 563 944 567 950 565 952 567 953 563 945 568 954 569 955 565 947 565 947 564 946 568 954 570 956 568 957 564 949 564 949 566 948 570 956 571 958 570 959 566 951 566 951 567 950 571 958 569 960 571 961 567 953 567 953 565 952 569 960 572 962 573 963 569 955 569 955 568 954 572 962 574 964 572 965 568 957 568 957 570 956 574 964 575 966 574 967 570 959 570 959 571 958 575 966 573 968 575 969 571 961 571 961 569 960 573 968 576 970 577 971 573 972 573 972 572 973 576 970 578 974 576 970 572 975 572 975 574 976 578 974 579 977 578 974 574 978 574 978 575 979 579 977 577 971 579 980 575 981 575 981 573 982 577 971 580 983 581 984 577 971 577 971 576 970 580 983 582 985 580 983 576 970 576 970 578 974 582 985 583 986 582 985 578 974 578 974 579 977 583 986 581 984 583 987 579 980 579 980 577 971 581 984 584 988 585 989 581 984 581 984 580 983 584 988 586 990 584 991 580 983 580 983 582 985 586 990 587 992 586 993 582 985 582 985 583 986 587 992 585 994 587 995 583 987 583 987 581 984 585 994 588 996 589 997 585 998 585 998 584 999 588 996 590 1000 588 996 584 1001 584 1001 586 1002 590 1000 591 1003 590 1000 586 1004 586 1004 587 1005 591 1003 589 997 591 1006 587 1007 587 1007 585 1008 589 997 592 1009 593 1010 589 997 589 997 588 996 592 1009 594 1011 592 1009 588 996 588 996 590 1000 594 1011 591 1003 595 1012 594 1011 594 1011 590 1000 591 1003 589 997 593 1010 595 1013 595 1013 591 1006 589 997 555 1014 593 1010 592 1009 592 1009 556 1015 555 1014 558 1016 595 1013 593 1010 593 1010 555 1017 558 1016 556 1018 592 1009 594 1011 594 1011 557 1019 556 1018 557 1020 594 1011 595 1012 595 1012 558 1021 557 1020 598 1024 599 1025 597 1023 597 1023 596 1022 598 1024 600 1026 599 1025 598 1024 598 1024 601 1027 600 1026 602 1028 603 1029 604 1030 604 1030 605 1031 602 1028 605 1031 604 1030 606 1032 606 1032 607 1033 605 1031 607 1033 606 1032 608 1034 608 1034 609 1035 607 1033 609 1035 608 1034 610 1036 609 1035 610 1036 611 1037 611 1037 612 1038 609 1035 596 1022 597 1023 613 1039 613 1039 614 1040 596 1022 613 1041 603 1029 602 1028 602 1028 614 1042 613 1041 615 1043 613 1039 597 1023 597 1023 599 1025 616 1044 616 1044 615 1043 597 1023 617 1045 616 1044 599 1025 618 1046 617 1045 599 1025 599 1025 600 1026 618 1046 619 1047 618 1046 600 1026 616 1048 617 1049 620 1050 620 1050 621 1051 616 1048 621 1051 622 1052 615 1053 615 1053 616 1048 621 1051 622 1052 603 1029 613 1054 613 1054 615 1053 622 1052 617 1049 618 1055 623 1056 623 1056 620 1050 617 1049 624 1057 623 1056 618 1055 618 1055 619 1058 625 1059 625 1059 624 1057 618 1055 621 1051 620 1050 606 1032 606 1032 604 1030 621 1051 622 1052 621 1051 604 1030 604 1030 603 1029 622 1052 620 1050 623 1056 608 1034 608 1034 606 1032 620 1050 623 1056 624 1057 610 1036 610 1036 608 1034 623 1056 624 1057 625 1059 611 1037 611 1037 610 1036 624 1057 626 1060 627 1061 600 1026 600 1026 601 1027 626 1060 601 1027 628 1062 626 1060 626 1063 629 1064 630 1065 630 1065 627 1066 626 1063 626 1067 628 1068 629 1064 601 1027 631 1069 628 1062 632 1070 631 1069 601 1027 633 1071 632 1070 601 1027 601 1027 598 1024 634 1072 634 1072 633 1071 601 1027 635 1073 634 1072 598 1024 631 1074 632 1075 636 1076 636 1076 637 1077 631 1074 638 1078 629 1064 628 1068 637 1077 638 1078 628 1068 628 1068 631 1074 637 1077 633 1082 634 1079 639 1080 639 1080 640 1081 633 1082 640 1081 636 1076 632 1075 632 1075 633 1082 640 1081 634 1079 635 1083 641 1084 641 1084 639 1080 634 1079 612 1038 637 1077 636 1076 636 1076 609 1035 612 1038 612 1038 629 1064 638 1078 638 1078 637 1077 612 1038 609 1035 640 1081 639 1080 639 1080 607 1033 609 1035 636 1076 640 1081 609 1035 607 1033 639 1080 641 1084 641 1084 605 1031 607 1033 600 1026 627 1061 642 1085 600 1026 642 1085 619 1047 630 1065 643 1086 642 1087 642 1087 627 1088 630 1065 643 1086 625 1059 619 1058 619 1058 642 1087 643 1086 625 1059 643 1086 611 1037 598 1024 596 1022 644 1089 644 1089 635 1073 598 1024 614 1040 644 1089 596 1022 602 1028 645 1090 644 1091 644 1091 614 1092 602 1028 645 1090 641 1084 635 1083 635 1083 644 1091 645 1090 605 1031 645 1090 602 1028 605 1031 641 1084 645 1090 611 1037 643 1086 630 1065 612 1038 611 1037 630 1065 630 1065 629 1064 612 1038</p>
                </triangles>
            </mesh>
        </geometry>
    </library_geometries>
    <library_visual_scenes>
        <visual_scene id="RootNode" name="RootNode">
            <node id="NODE" name="Sketchfab_model">
                <matrix>1 0 0 0 0 -0.99999 0.00437574 0.124057 0 -0.00437574 -0.99999 -65.2648 0 0 0 1</matrix>
                <node id="NODE0" name="a2285111517f406d98463ac05cf5f0ec">
                    <matrix>1 0 0 0 0 -1 0 0 0 0 -1 0 0 0 0 1</matrix>
                    <node id="NODE1" name="RootNode">
                        <node id="NODE2" name="Bed_LP">
                            <matrix>1 0 0 48.8615 0 -0.0013539 -0.999999 -99.6077 0 0.999999 -0.0013539 39.4069 0 0 0 1</matrix>
                            <node id="NODE3" name="Bed_LP_rope_0">
                                <instance_geometry url="#NODE3-lib">
                                    <bind_material>
                                        <technique_common>
                                            <instance_material symbol="MAT0" target="#MAT0" />
                                        </technique_common>
                                    </bind_material>
                                </instance_geometry>
                            </node>
                            <node id="NODE4" name="Bed_LP_Bed_0">
                                <instance_geometry url="#NODE4-lib">
                                    <bind_material>
                                        <technique_common>
                                            <instance_material symbol="MAT" target="#MAT" />
                                        </technique_common>
                                    </bind_material>
                                </instance_geometry>
                            </node>
                        </node>
                    </node>
                </node>
            </node>
        </visual_scene>
    </library_visual_scenes>
    <scene>
        <instance_visual_scene url="#RootNode" />
    </scene>
</COLLADA>
